StudentID,Age,StudyTimeWeekly,Absences,ParentalSupport,GPA,GradeClass
1002,18,15.40875606,0,1,3.042914833,B
1003,15,4.210569769,26,2,0.112602254,F
1004,17,10.02882947,14,3,2.05421814,D
1005,17,4.672495273,17,3,1.288061182,F
1006,18,8.191218545,0,1,3.084183614,B
1007,15,15.60168047,10,3,2.748237415,C
1008,15,15.42449631,22,1,1.360142712,F
1009,17,4.562007558,1,2,2.89681919,C
1010,16,18.44446636,0,3,3.57347421,A
1011,17,11.85136366,11,1,2.147171625,D
1012,17,7.598485819,15,2,1.559594519,F
1013,17,10.03871162,21,3,1.520077815,F
1014,17,12.10142507,21,4,1.751580958,F
1015,18,11.19781064,9,2,2.396788117,D
1016,15,9.728100711,17,0,1.341520717,F
1017,18,10.09865608,14,2,2.232175278,D
1018,18,3.528238209,16,2,1.384404176,F
1019,18,16.25465809,29,2,0.469553323,F
1020,17,10.8352064,9,2,2.395784095,D
1021,16,,2,3,2.7784113,C
1022,15,15.32314203,25,1,0.346894037,F
1023,16,18.64887957,29,1,0.312546231,F
1024,18,18.94613798,20,2,1.770131877,F
1025,18,,15,2,1.505155622,F
1026,16,2.710337471,5,4,2.977851918,C
1027,16,10.36799253,2,2,2.948717672,C
1028,16,2.252184587,8,3,2.14520472,D
1029,18,18.67974837,10,3,2.854803929,C
1030,18,3.671592547,20,3,1.519441726,F
1031,15,5.055317199,12,0,1.72712031,F
1032,15,8.132730538,17,4,1.847535471,F
1033,18,7.663289371,25,1,0.384616973,F
1034,16,15.89325785,21,0,0.949406098,F
1035,16,9.126336411,27,2,1.140959418,F
1036,15,3.4153652,23,1,0.26147226,F
1037,18,5.34419791,26,1,0.218284857,F
1038,15,10.1822677,21,1,1.067763551,F
1039,15,2.949078349,3,1,3.018905858,B
1040,17,12.23311351,21,3,1.526867832,F
1041,17,11.31494613,23,1,1.0582874,F
1042,17,14.29404633,7,2,2.625128098,C
1043,16,18.75409231,12,4,2.808754822,C
1044,18,18.24509122,9,2,2.888891669,C
1045,18,18.92151236,1,3,4.0,A
1046,18,4.89431194,7,4,2.515300272,C
1047,18,2.631306133,5,1,2.56376543,C
1048,17,6.04553401,15,2,1.703611803,F
1049,16,17.90170346,17,3,2.099885157,D
1050,16,19.44106949,16,4,2.461046963,D
1051,17,17.18649902,5,3,2.935477192,C
1052,16,2.200354423,12,1,1.986378059,F
1053,17,18.94855996,22,4,1.571544191,F
1054,18,8.467160547,13,1,1.66431069,F
1055,17,0.186205815,29,2,0.756259167,F
1056,18,8.847874815,25,2,0.802769539,F
1057,18,0.921383394,20,2,1.342387178,F
1058,15,10.87755842,29,3,0.286571288,F
1059,17,6.771080549,9,3,2.613838694,C
1060,15,9.468698672,23,3,0.929012555,F
1061,17,12.26340721,10,0,1.892758696,F
1062,17,17.37602192,12,2,2.331261549,D
1063,15,13.23803153,11,3,2.234238473,D
1064,15,8.68097737,8,2,2.385828219,D
1065,17,16.38855707,3,4,3.347356744,B
1066,16,18.11164275,6,3,3.261855307,B
1067,18,2.395199329,23,3,1.039623879,F
1068,15,10.63865955,28,0,0.027818625,F
1069,18,5.690239195,21,3,1.329964538,F
1070,16,0.941223958,1,4,3.283916522,B
1071,16,13.3709339,6,2,2.937454182,C
1072,16,17.25541555,28,3,0.738868203,F
1073,15,3.25805309,8,2,2.556801663,C
1074,16,16.24827315,4,2,3.300928569,B
1075,15,17.06791467,14,3,2.200682947,D
1076,16,18.28680885,17,3,1.855865573,F
1077,18,5.305701782,3,3,2.734401494,C
1078,18,18.0790613,18,1,2.131737297,D
1079,17,6.413255095,19,1,0.979769911,F
1080,18,11.04676027,25,3,0.994325024,F
1081,17,1.010149417,6,1,2.074699977,D
1082,18,0.877621767,25,2,0.500508036,F
1083,15,14.40746425,7,0,2.532438418,C
1084,18,8.88959956,16,1,1.463378036,F
1085,17,5.125847507,12,3,2.342836773,D
1086,17,3.80826992,23,3,1.158846334,F
1087,16,13.39906982,20,1,1.523748745,F
1088,15,0.008030881,27,1,0.0,F
1089,18,16.11782338,22,0,1.058622014,F
1090,16,1.584992123,10,2,2.229740184,D
1091,18,3.829792298,26,1,0.194743281,F
1092,18,7.724727906,0,2,3.506920071,A
1093,16,9.697174794,1,3,3.552286943,A
1094,16,7.099902316,16,3,2.238491354,D
1095,16,6.4142433,4,1,2.708472344,C
1096,16,19.27832024,29,3,0.732908234,F
1097,16,12.83159362,29,4,0.965482445,F
1098,18,0.468659107,5,2,2.55523286,C
1099,16,8.603518169,25,2,0.7443223,F
1100,15,17.50017399,24,2,0.722056581,F
1101,17,6.029123728,23,1,1.27122953,F
1102,16,1.891126895,6,3,2.526142141,C
1103,16,15.16769543,27,3,0.942415395,F
1104,18,12.12027664,20,2,1.515639098,F
1105,16,11.40625016,29,3,0.648273927,F
1106,16,1.071531192,14,3,2.048850082,D
1107,16,,18,0,0.842295999,F
1108,18,12.45098792,15,1,1.464187924,F
1109,16,4.156476829,24,3,1.487946865,F
1110,17,10.08140159,12,4,2.587565796,C
1111,18,10.89763372,4,3,3.220806978,B
1112,17,5.670143805,2,4,3.545159432,A
1113,18,18.96850311,2,2,3.089598953,B
1114,16,16.84928214,320,1,1.91995644,F
1115,17,14.44747015,13,2,2.198593185,D
1116,18,1.559877328,15,0,0.878212617,F
1117,15,2.122600386,21,3,1.340368648,F
1118,16,9.855626917,16,4,1.819511336,F
1119,18,3.214266984,26,3,0.619350931,F
1120,15,19.56530927,3,2,3.61946087,A
1121,18,3.170404681,12,1,2.174902796,D
1122,15,9.749356709,7,1,2.974406015,C
1123,16,7.282421137,18,2,0.980735844,F
1124,17,12.78772843,4,3,3.101673809,B
1125,15,2.580728178,1,2,3.498257342,B
1126,18,8.606328561,14,4,2.590553445,C
1127,16,5.494100656,1,3,3.535003758,A
1128,15,,10,1,2.819921745,C
1129,18,0.811714243,12,1,2.016596775,D
1130,18,18.27454988,22,3,1.371185039,F
1131,18,16.65988277,9,1,2.104795588,D
1132,15,5.951414329,2,3,3.030439089,B
1133,15,15.78581309,4,2,3.582421872,A
1134,15,0.624271207,2,1,2.426546706,D
1135,17,19.33731101,5,2,3.16143627,B
1136,15,10.53189885,12,2,2.12263853,D
1137,15,6.065620521,9,3,2.204860581,D
1138,15,7.251664252,18,0,1.1829875,F
1139,17,1.328107069,7,3,2.738795716,C
1140,15,19.78699028,17,3,2.237901301,D
1141,18,0.785838903,2,3,3.139481546,B
1142,15,13.09814246,23,0,1.046044771,F
1143,18,8.854718554,23,3,0.816458245,F
1144,18,18.97832436,16,2,2.033544621,D
1145,18,4.919994806,7,2,2.432078523,D
1146,17,10.64173648,9,3,2.65977132,C
1147,17,9.647124172,1,2,3.58888794,A
1148,17,14.05732888,11,3,2.314587628,D
1149,15,1.360204639,22,1,1.00722582,F
1150,18,3.8757826,5,3,2.881612321,C
1151,17,4.291296402,1,1,2.804504929,C
1152,17,14.7630151,20,3,1.762921124,F
1153,15,3.782773927,22,4,1.119911263,F
1154,17,11.46983528,23,2,1.030657506,F
1155,15,4.30487641,2,2,3.075619354,B
1156,16,17.232499,16,3,2.631434065,C
1157,17,18.84370909,28,0,0.503066907,F
1158,16,10.3698595,6,2,2.784237837,C
1159,15,7.046177684,28,2,0.247626765,F
1160,18,4.6811555,20,3,1.18954877,F
1161,17,0.99562003,4,3,3.375994009,B
1162,15,5.370001524,22,3,1.293573556,F
1163,18,13.0847156,0,3,3.718586904,A
1164,18,10.67233863,7,3,2.670559615,C
1165,16,18.88082557,11,2,2.369648013,D
1166,15,7.92554525,13,2,1.62448682,F
1167,18,13.87726685,15,2,2.537476828,C
1168,17,9.78645495,9,4,2.298417929,D
1169,17,10.25152432,14,3,2.25980415,D
1170,16,5.355486292,20,2,1.321343301,F
1171,18,9.099015537,23,3,0.949974228,F
1172,15,9.41569994,25,2,0.818786616,F
1173,17,14.13285043,14,3,2.339224513,D
1174,18,18.81279998,9,2,2.682776288,C
1175,18,6.58642555,20,1,1.543837471,F
1176,16,0.844009372,27,3,0.196901105,F
1177,17,9.92590251,6,3,2.748610257,C
1178,17,10.88922664,25,2,1.104893788,F
1179,15,3.368811023,2,2,2.553439811,C
1180,17,15.20929213,1,3,3.274233459,B
1181,15,19.69858217,5,3,3.186060378,B
1182,17,18.91549434,20,3,1.72211575,F
1183,16,3.942120776,8,2,2.338046358,D
1184,17,17.5072648,9,4,3.273998748,B
1185,15,14.08987273,3,3,2.993502391,C
1186,15,9.076931276,26,3,0.896397899,F
1187,16,10.81221989,2,3,2.961055259,C
1188,17,16.9920035,8,1,2.674351095,C
1189,17,9.602698793,23,0,1.217873151,F
1190,16,7.464147382,21,3,1.36559111,F
1191,17,9.864949861,16,2,1.522274845,F
1192,17,11.58259608,13,3,2.231402397,D
1193,15,3.781553076,9,2,2.135266355,D
1194,17,18.01815461,12,2,2.255698915,D
1195,17,13.48373898,11,1,2.751145788,C
1196,16,12.66537835,26,3,0.897634159,F
1197,16,1.989924524,0,1,3.117354435,B
1198,18,12.08347876,27,3,1.287595131,F
1199,15,2.419213245,21,2,0.571053098,F
1200,17,1.573953504,28,3,0.581355799,F
1201,17,10.54621791,18,1,1.643462404,F
1202,18,8.055710681,18,1,1.234844041,F
1203,17,11.7762054,5,3,2.96809362,C
1204,15,1.784443361,12,2,2.00929848,D
1205,18,8.619661257,18,1,1.146086034,F
1206,15,3.495734301,12,4,2.192363198,D
1207,18,19.74200172,26,1,0.945730873,F
1208,18,11.22300425,25,2,0.567250028,F
1209,16,13.74873722,21,1,0.970764347,F
1210,15,6.508365614,20,2,1.656060126,F
1211,17,1.894778296,3,2,2.839313249,C
1212,17,19.51741726,23,1,0.18981806,F
1213,15,5.725180708,1,3,3.258294685,B
1214,17,8.476163703,14,2,1.920055853,F
1215,17,12.99727843,11,3,2.021771494,D
1216,15,0.493945954,29,1,0.125933075,F
1217,18,16.20518261,26,2,1.287013412,F
1218,15,10.7315638,6,0,2.591426703,C
1219,18,5.564343741,19,3,1.463379649,F
1220,17,1.232159706,17,3,1.465549386,F
1221,17,3.249968309,22,3,1.710466838,F
1222,17,17.90067718,12,2,2.288505685,D
1223,16,13.72048448,16,3,1.960968849,F
1224,18,4.998034433,3,3,2.621623326,C
1225,16,1.312015299,24,0,0.768316386,F
1226,16,13.81230625,13,1,1.806406345,F
1227,15,11.44815452,19,2,0.881866353,F
1228,16,8.090390489,27,3,0.817068221,F
1229,15,7.272228984,12,0,1.446132528,F
1230,15,4.336285519,2,3,3.339094362,B
1231,16,13.39222513,25,2,0.819625478,F
1232,18,19.41336056,25,2,0.676817973,F
1233,18,3.514304917,17,1,1.389544874,F
1234,18,11.9423324,13,2,1.991508414,F
1235,18,8.483701115,14,0,1.63986755,F
1236,18,8.933774435,2,0,2.511743021,C
1237,16,5.082945603,0,3,2.98391995,C
1238,16,16.50269751,25,2,1.258654854,F
1239,17,9.705112083,23,2,1.417929927,F
1240,18,10.86811704,16,1,1.597016572,F
1241,16,6.095218256,2,2,3.088699868,B
1242,17,3.636169313,13,0,1.641341443,F
1243,18,1.718207764,2,2,2.586870656,C
1244,15,14.28238282,12,2,2.389032645,D
1245,17,3.924685634,14,2,1.8981464,F
1246,16,13.80150708,17,4,2.110487975,D
1247,15,7.807528921,13,2,1.700273589,F
1248,15,8.31549602,20,2,1.044499995,F
1249,15,9.383549922,25,2,1.194166134,F
1250,17,7.354170163,2,1,2.649136828,C
1251,16,2.012399544,18,3,1.234141389,F
1252,15,6.1926362,7,2,2.127408866,D
1253,18,13.27468721,3,1,2.913887649,C
1254,15,13.31568803,3,3,3.119393913,B
1255,15,5.724486145,18,0,1.036378738,F
1256,17,9.202052531,10,4,2.403284547,D
1257,17,3.86894456,0,3,3.156508064,B
1258,16,4.207441631,7,2,2.723471859,C
1259,18,0.460941768,14,1,1.530951146,F
1260,17,17.934931,0,1,3.468581349,B
1261,15,4.214133301,6,1,2.302032044,D
1262,16,,20,1,1.265677909,F
1263,15,5.592028653,19,2,1.479602228,F
1264,15,2.548161434,19,4,1.445076719,F
1265,17,12.78525766,23,2,0.80943381,F
1266,16,1.502859064,10,3,2.15023327,D
1267,18,2.684048527,26,3,0.559143716,F
1268,18,12.89513453,28,3,0.580788485,F
1269,17,6.79321241,13,0,1.602089196,F
1270,17,14.15895653,21,2,1.002798364,F
1271,16,11.14849489,15,3,1.663063453,F
1272,18,5.120423461,13,3,1.53154646,F
1273,18,13.01655901,11,4,2.205842147,D
1274,18,2.325473606,16,3,1.155338561,F
1275,15,10.72820766,13,1,2.15375834,D
1276,18,8.742962101,9,2,2.592786686,C
1277,15,5.357471656,23,0,0.912330507,F
1278,16,12.08009995,28,3,0.695630933,F
1279,15,17.42667185,13,2,2.139619891,D
1280,16,19.978094,17,3,1.550449331,F
1281,18,12.15525537,21,4,1.5475367,F
1282,18,8.094117487,8,3,2.966548034,C
1283,16,4.504142004,16,2,1.633679371,F
1284,17,5.141921788,5,1,2.33254032,D
1285,16,9.589099563,7,3,3.270262309,B
1286,17,7.345554026,25,1,0.346470593,F
1287,15,18.27629045,12,1,1.894904336,F
1288,15,7.365909353,17,1,1.456742601,F
1289,15,7.468891823,4,2,2.553723151,C
1290,18,7.670690249,5,1,2.224197461,D
1291,15,16.73240421,20,4,1.847600418,F
1292,17,13.01576642,18,4,1.849760707,F
1293,15,12.28337701,3,4,3.268794216,B
1294,16,6.682860448,6,0,2.546516637,C
1295,16,16.35808354,3,4,3.101229221,B
1296,18,0.767277227,24,4,0.655954078,F
1297,16,17.41594345,10,4,3.088512306,B
1298,17,10.254998,11,3,1.992559805,F
1299,15,7.965004697,13,3,2.605247446,C
1300,18,9.943345614,12,1,1.733972454,F
1301,15,13.34831061,28,3,1.113848788,F
1302,15,0.25530853,9,0,1.649250252,F
1303,17,17.43103713,17,2,1.33755498,F
1304,16,8.934790506,15,4,1.984659919,F
1305,16,6.859330394,4,2,3.060881656,B
1306,15,2.764911313,7,1,2.392897358,D
1307,18,8.789307487,13,4,2.08379699,D
1308,16,9.926455426,4,4,3.645738049,A
1309,18,8.07293389,25,1,0.322286082,F
1310,16,13.57320188,27,3,1.129514334,F
1311,18,8.417930575,23,2,0.630756944,F
1312,17,19.22835156,7,2,3.157229639,B
1313,18,11.98555036,24,1,0.680087787,F
1314,17,16.14955871,25,0,0.796359848,F
1315,17,2.187118062,5,1,2.844039215,C
1316,18,7.945825859,15,0,1.253451854,F
1317,17,6.736954029,27,4,0.534508881,F
1318,15,11.38964776,3,3,3.191046118,B
1319,17,17.2222704,11,3,2.815421275,C
1320,16,1.566764355,10,3,2.157122303,D
1321,18,1.451495961,2,1,2.72382806,C
1322,15,17.00635416,11,4,2.627693906,C
1323,18,4.257001721,29,3,0.912415621,F
1324,16,13.37506509,4,2,2.609623082,C
1325,16,10.85756265,5,1,2.981992255,C
1326,16,16.6578719,18,3,1.625082774,F
1327,17,2.501778197,17,3,1.361698418,F
1328,17,2.595659314,15,3,1.916961896,F
1329,18,11.13636721,22,0,1.011253195,F
1330,18,18.92757307,10,1,2.332159041,D
1331,15,8.299955167,4,2,3.387938348,B
1332,15,6.538842005,8,3,2.384690791,D
1333,18,12.13378646,2,0,2.780816996,C
1334,17,18.60897201,29,2,0.534835754,F
1335,16,16.73855666,7,2,2.542214349,C
1336,18,19.90967221,5,3,3.007129067,B
1337,15,0.451371664,3,2,2.985809814,C
1338,17,2.257162894,11,2,1.949306057,F
1339,18,12.18935527,11,3,2.147845196,D
1340,18,16.41152879,24,4,1.175768025,F
1341,17,5.704886846,20,1,1.400363254,F
1342,18,4.784221761,15,1,1.755544023,F
1343,17,15.73951599,9,4,2.900096239,C
1344,16,1.127637077,21,2,1.033459491,F
1345,17,7.387652952,13,3,1.907742363,F
1346,17,10.11618445,12,3,1.88090929,F
1347,17,11.20697349,8,1,2.614950354,C
1348,18,14.57230314,6,3,3.107135594,B
1349,18,7.096914469,11,3,1.386464562,F
1350,17,12.25368689,4,2,2.833760072,C
1351,18,11.70750846,17,0,1.086151397,F
1352,15,10.95232201,3,4,2.87403736,C
1353,15,12.80966586,1,2,2.895671305,C
1354,18,5.188983421,2,3,3.181307602,B
1355,18,1.692975072,25,3,0.471283109,F
1356,17,2.385433441,11,2,2.211379528,D
1357,16,4.491647653,2,3,3.375252255,B
1358,18,10.00395871,3,4,3.203858191,B
1359,15,16.80885501,5,2,3.350179111,B
1360,17,14.02586684,11,2,1.72579153,F
1361,18,15.78081208,18,4,2.216603815,D
1362,15,7.019512479,9,1,2.004627317,D
1363,15,8.093074833,29,0,0.715742046,F
1364,16,7.87363772,0,4,3.880640085,A
1365,17,3.837463688,16,3,1.689528158,F
1366,17,1.224333163,15,4,1.757978804,F
1367,16,11.81832186,8,0,2.136399546,D
1368,16,19.78433367,24,1,0.911568271,F
1369,17,3.336594099,20,1,1.13780111,F
1370,17,0.933696398,8,3,2.349264927,D
1371,18,15.59063364,26,3,0.623747437,F
1372,18,5.051720134,22,2,0.341029446,F
1373,16,16.59287611,8,0,2.223813667,D
1374,18,14.07873334,11,3,2.328240385,D
1375,15,18.91347074,22,2,1.623077822,F
1376,18,8.178544715,8,1,2.200896322,D
1377,18,13.23939679,14,4,2.584110655,C
1378,15,9.297095616,1,1,2.996503304,C
1379,16,12.61177395,10,3,2.373993481,D
1380,15,8.99197812,10,3,2.830404456,C
1381,18,3.772644928,7,2,2.525115534,C
1382,16,10.15794832,22,1,1.042981651,F
1383,18,10.57168403,5,2,2.661096904,C
1384,15,16.21207697,20,3,1.599593888,F
1385,15,14.71041412,19,1,1.799409149,F
1386,18,13.27583248,6,3,2.657638557,C
1387,17,2.267741911,2,4,2.998484062,C
1388,17,14.41232581,7,4,2.977408433,C
1389,15,10.00610313,17,2,1.375164137,F
1390,15,,16,3,1.84886644,F
1391,17,18.39741868,10,4,2.4424562,D
1392,17,1.103131812,1,2,2.856038514,C
1393,18,16.41283121,24,1,1.20615023,F
1394,18,0.753947808,20,1,0.89590299,F
1395,17,7.343392514,26,1,0.273190929,F
1396,18,10.84599951,23,3,0.667508961,F
1397,18,2.962015973,18,2,1.089440604,F
1398,16,14.92627625,6,3,2.813211008,C
1399,18,0.167094083,17,3,1.86875859,F
1400,15,3.371980969,7,3,3.035693596,B
1401,18,11.6159366,13,3,2.135356801,D
1402,18,14.28775124,6,0,3.038116129,B
1403,17,18.33286205,27,3,0.99412941,F
1404,15,14.10993304,20,2,1.232557166,F
1405,18,13.43558541,27,2,0.864403743,F
1406,18,7.886822927,26,0,0.115231855,F
1407,16,0.025688511,3,4,2.934586305,C
1408,18,2.403185175,16,4,2.046938817,D
1409,18,10.6910909,4,2,3.065473134,B
1410,16,13.50259772,11,2,2.4370263,D
1411,17,8.348965678,8,3,2.427614636,D
1412,18,14.61358023,25,1,0.777150955,F
1413,16,10.43724591,19,1,1.879575445,F
1414,15,1.483523912,12,3,1.596574874,F
1415,17,3.840325019,24,1,0.704595243,F
1416,15,16.79996446,27,2,0.764186697,F
1417,15,14.49825493,17,2,1.503416679,F
1418,16,17.89523974,19,2,1.525837862,F
1419,18,2.351144982,8,1,2.270841108,D
1420,16,19.80445069,3,2,3.402352539,B
1421,16,4.188134279,20,2,1.438204968,F
1422,16,0.235597526,26,2,0.336571299,F
1423,16,19.94845878,7,3,3.112281137,B
1424,17,5.621477709,0,4,3.770694722,A
1425,18,13.36038905,16,1,1.655613323,F
1426,15,3.533646284,24,3,1.050469692,F
1427,15,11.60457064,8,1,2.535391284,C
1428,18,18.08069973,19,2,1.396090494,F
1429,15,6.403623349,12,2,2.025416982,D
1430,18,13.40507952,1,2,3.268302548,B
1431,15,3.758071776,12,3,2.017218039,D
1432,16,12.49590797,8,2,2.397682579,D
1433,15,6.729007036,29,2,0.287867323,F
1434,18,4.224165172,19,3,1.548710211,F
1435,18,6.263641014,5,1,2.905242112,C
1436,18,3.57682137,27,1,0.248977131,F
1437,18,18.03832216,0,0,3.418409867,B
1438,18,7.943737726,27,1,0.582920886,F
1439,17,4.905586099,24,2,0.930028646,F
1440,17,8.96815682,4,2,2.679085718,C
1441,15,6.410723336,2,1,3.106230425,B
1442,18,14.88838508,3,0,2.781287884,C
1443,15,19.42439824,0,3,4.0,A
1444,18,8.760673134,13,3,2.332783964,D
1445,18,17.220668,8,4,3.06771837,B
1446,17,,29,4,0.869123386,F
1447,17,3.144713302,23,4,1.520503877,F
1448,16,13.81245484,3,3,3.289823142,B
1449,17,10.26868994,17,3,2.175739293,D
1450,16,13.01213047,13,1,1.852428691,F
1451,16,17.79374825,24,3,1.47728877,F
1452,16,8.808691413,3,0,2.878926863,C
1453,16,18.02355246,24,3,1.058050772,F
1454,16,15.01338029,9,2,2.57289042,C
1455,15,9.772098518,2,3,3.587735587,A
1456,17,12.06444271,22,0,1.301418014,F
1457,16,6.51162265,6,2,3.209493136,B
1458,18,19.67194599,9,2,2.537230639,C
1459,17,13.34702326,12,1,1.989395759,F
1460,17,0.87693705,3,2,3.004233303,B
1461,16,6.532438115,17,0,1.513516756,F
1462,15,12.46628868,10,2,2.172740552,D
1463,16,1.126665556,24,2,0.641649169,F
1464,15,0.477683826,3,3,2.753590232,C
1465,18,9.000484791,23,2,1.038488352,F
1466,17,6.653803594,13,2,2.255019103,D
1467,18,8.765972161,17,4,1.666702258,F
1468,15,5.253866198,7,2,2.49945943,D
1469,15,3.294354939,26,2,0.278215459,F
1470,18,13.78286714,9,2,2.637594228,C
1471,15,10.29142233,4,3,3.057121728,B
1472,18,4.003084225,22,2,1.361932827,F
1473,17,6.391788525,6,2,3.238931718,B
1474,18,11.83615815,11,3,2.573034385,C
1475,17,1.444586965,24,0,0.0,F
1476,18,2.949060185,2,3,3.143909878,B
1477,15,1.464912082,25,2,1.0464634,F
1478,18,16.24634665,3,2,2.868574228,C
1479,15,15.04818466,9,3,2.639447292,C
1480,18,15.06625864,3,1,2.669749933,C
1481,18,14.32650687,14,3,2.794885283,C
1482,16,13.38770847,28,4,1.186569729,F
1483,15,9.539838308,9,2,2.520175259,C
1484,16,12.84556327,20,4,1.601078488,F
1485,15,0.767231096,29,0,0.0,F
1486,16,12.42928845,21,3,1.595054759,F
1487,17,15.55755411,15,2,2.222002853,D
1488,18,10.00716721,14,2,1.615093148,F
1489,15,7.150266569,18,1,1.675919431,F
1490,15,5.548534696,28,2,0.214319504,F
1491,18,12.856041,19,1,1.556765557,F
1492,15,13.85602397,18,4,2.154199353,D
1493,15,17.419352,17,3,2.070669312,D
1494,16,,25,1,0.567237107,F
1495,15,15.39544615,11,1,2.162688108,D
1496,17,11.22711648,24,3,1.291230426,F
1497,17,17.65672981,15,2,2.340156389,D
1498,18,10.55624217,0,1,2.92396974,C
1499,15,10.35259657,15,2,2.190146602,D
1500,18,11.55754163,1,2,3.074214192,B
1501,17,14.9863071,23,1,1.009430322,F
1502,15,19.29380958,14,3,2.118500602,D
1503,15,1.471267084,6,3,2.615347948,C
1504,18,1.068692048,27,0,0.415930507,F
1505,17,18.75100675,0,4,3.947092964,A
1506,15,10.59751251,4,2,3.017353227,B
1507,18,12.29806029,9,1,2.813786291,C
1508,17,9.648472032,21,1,0.769636121,F
1509,18,1.873149052,20,1,0.892266135,F
1510,16,15.36178757,3,2,3.666290827,A
1511,15,14.9444929,13,1,1.401548239,F
1512,16,6.23406643,12,2,1.423338336,F
1513,17,6.124784905,0,1,3.149644744,B
1514,16,16.75682762,15,3,2.353731152,D
1515,16,1.447145155,22,3,1.161354351,F
1516,17,17.62210297,8,2,2.647195986,C
1517,18,5.133233798,21,3,1.298997985,F
1518,16,11.85969496,15,4,2.644197368,C
1519,18,18.71988358,18,3,1.737989619,F
1520,16,13.56245003,14,2,2.018776899,D
1521,18,8.288596249,25,2,0.717780498,F
1522,17,13.79068418,13,3,2.267584401,D
1523,16,6.879592726,19,1,1.271494623,F
1524,17,5.545168327,9,2,2.621666893,C
1525,16,19.93366556,20,2,1.228528505,F
1526,17,15.01580462,11,3,2.495312361,D
1527,17,12.89439955,27,3,0.701761808,F
1528,16,7.105792864,0,2,3.864976861,A
1529,16,0.983216583,20,1,0.684651926,F
1530,16,0.621137521,16,4,1.885850224,F
1531,15,11.08362511,8,0,2.327832763,D
1532,18,15.24065442,22,0,0.880232812,F
1533,15,10.74758381,18,2,1.411981507,F
1534,15,16.81570144,24,3,1.66253183,F
1535,17,0.668530662,17,3,1.341598477,F
1536,16,7.335041529,27,4,0.659202916,F
1537,18,4.741407823,6,1,2.153371206,D
1538,17,8.945459363,8,2,2.44310292,D
1539,15,1.447527864,21,1,0.270088555,F
1540,16,19.08263283,25,3,1.316724623,F
1541,17,4.465108021,20,2,0.817714202,F
1542,16,18.44615551,11,0,2.05694597,D
1543,17,8.517863101,6,3,3.219333348,B
1544,16,19.71048267,13,2,2.24087006,D
1545,15,11.08116767,14,2,1.913799797,F
1546,18,18.61665728,14,3,2.240334376,D
1547,15,0.106979774,5,1,2.254547586,D
1548,18,14.96477612,20,1,1.89130043,F
1549,16,18.06101306,13,1,2.206226341,D
1550,17,2.79441134,1,2,3.335098155,B
1551,15,1.922517035,7,1,2.411986461,D
1552,18,8.491452144,12,3,2.160978519,D
1553,15,18.67357812,22,1,1.165394363,F
1554,18,10.8477312,5,4,2.583500636,C
1555,15,10.54912927,4,1,3.017063256,B
1556,18,2.822522366,4,1,2.576174697,C
1557,18,0.015790222,24,1,0.23334988,F
1558,16,16.20280181,0,3,3.646516389,A
1559,18,1.75149126,8,2,2.605425232,C
1560,16,,5,3,3.366929515,B
1561,18,18.29232909,19,3,1.583780258,F
1562,17,4.173038263,25,4,0.776396706,F
1563,17,13.30545672,29,3,0.78348664,F
1564,17,1.573971534,6,0,2.328311711,D
1565,18,12.07510288,8,3,2.718465436,C
1566,16,3.278634419,4,4,3.244882203,B
1567,16,14.71907121,13,4,2.865674749,C
1568,18,6.024625896,4,1,2.326326756,D
1569,17,9.267820176,7,3,3.303066679,B
1570,17,11.98861084,6,1,2.489218238,D
1571,16,3.425468213,12,1,2.600264187,C
1572,17,14.83275637,12,3,2.119171492,D
1573,15,6.052806813,7,4,2.522694548,C
1574,16,13.2474372,10,2,2.47585411,D
1575,17,3.165661014,27,3,0.782809234,F
1576,16,13.76235318,25,0,0.766404869,F
1577,15,2.563761456,17,0,1.283622078,F
1578,16,8.507129925,24,2,0.643145933,F
1579,16,4.944121475,18,2,1.669230217,F
1580,16,14.96750499,5,3,3.282070051,B
1581,16,5.24070009,21,2,0.743714017,F
1582,15,17.63434613,1,2,3.325066843,B
1583,18,17.83640423,27,2,1.184519764,F
1584,16,3.928826304,12,1,1.616536099,F
1585,16,12.2769189,22,4,1.583083971,F
1586,17,1.754352834,24,2,0.184251489,F
1587,16,7.830741992,27,2,0.472181042,F
1588,17,14.26643459,25,3,1.299355518,F
1589,18,13.18846494,10,2,2.379628283,D
1590,15,12.49401339,0,3,3.56628313,A
1591,15,5.650817273,23,1,0.278347571,F
1592,18,7.560498989,1,1,2.421546883,D
1593,15,2.058922894,29,4,0.617680424,F
1594,18,14.38045641,16,3,1.804726658,F
1595,18,10.07777594,7,2,2.63520813,C
1596,18,14.17531265,1,3,3.436025389,B
1597,15,4.978870496,5,4,2.737377926,C
1598,17,6.488764573,21,1,1.14669608,F
1599,18,6.684306745,4,0,2.405267526,D
1600,16,0.514848195,15,2,1.525282049,F
1601,15,,7,1,2.446157081,D
1602,18,16.06609147,18,1,1.952953012,F
1603,18,17.94596991,15,3,2.293087191,D
1604,16,10.36436631,12,0,1.471672029,F
1605,17,9.110033904,25,3,1.106713498,F
1606,17,0.616492374,19,2,1.205856976,F
1607,17,17.58408675,6,2,2.559070355,C
1608,18,0.260204269,15,3,2.457651022,D
1609,18,18.8950016,22,2,1.226741286,F
1610,18,9.784324974,15,1,1.590433098,F
1611,15,6.838689871,28,1,0.310669533,F
1612,16,18.4843687,11,3,2.771810659,C
1613,18,0.487819862,13,1,1.582682992,F
1614,16,11.6284979,23,0,1.105587098,F
1615,16,10.97865049,17,4,2.300296135,D
1616,17,4.386408024,26,4,0.991883698,F
1617,15,8.577748627,27,2,0.165110622,F
1618,18,13.04528012,17,0,0.989329921,F
1619,17,14.54262394,15,3,2.230253521,D
1620,17,0.014337174,19,3,1.383528078,F
1621,18,18.7370686,15,1,2.131405263,D
1622,16,3.290507448,12,1,1.868276923,F
1623,17,4.671608684,25,3,1.247481944,F
1624,16,5.269468914,28,4,0.299907548,F
1625,15,0.756402731,8,3,2.705195695,C
1626,16,2.461042472,25,1,0.897938092,F
1627,15,19.72699846,27,2,1.391731791,F
1628,16,6.304334748,8,3,2.150546166,D
1629,17,2.306021807,12,1,1.448741242,F
1630,17,2.139825223,28,1,0.0,F
1631,15,14.38919935,3,1,3.091715028,B
1632,18,17.09137328,8,2,2.576927695,C
1633,15,5.13904599,14,2,1.955872527,F
1634,15,0.418190247,13,3,1.878708344,F
1635,16,4.461800369,18,3,1.630400132,F
1636,16,1.130313816,11,4,2.37274811,D
1637,15,2.067898733,20,3,1.279370611,F
1638,17,8.630162397,25,1,0.155004788,F
1639,16,4.598367417,24,2,1.278347034,F
1640,18,10.31891757,5,2,2.655993566,C
1641,16,5.069875065,2,0,2.682316053,C
1642,16,18.81074602,25,4,1.644819939,F
1643,18,18.11887936,24,0,1.396278438,F
1644,15,11.3361221,21,2,1.609486799,F
1645,18,7.08847984,19,2,1.187367525,F
1646,15,7.622937641,15,2,2.019797023,D
1647,15,8.237045663,29,3,0.241625628,F
1648,15,14.55158644,19,2,1.247725194,F
1649,18,9.03277991,23,1,0.852682363,F
1650,15,17.13459893,22,1,0.965700989,F
1651,17,18.88189572,16,4,2.423800752,D
1652,18,6.718923068,15,1,1.741968167,F
1653,17,11.21388963,5,1,2.845925776,C
1654,15,1.901130737,7,2,2.039564398,D
1655,16,4.009380955,18,1,1.54206374,F
1656,15,8.269315334,29,2,0.730779602,F
1657,17,4.124054318,24,3,0.499987778,F
1658,17,17.53120982,25,3,1.122889381,F
1659,18,3.165725121,1,3,2.959492728,C
1660,16,9.113216431,13,1,2.30020524,D
1661,18,12.11398481,21,2,1.352720764,F
1662,17,13.83727816,11,0,2.134062038,D
1663,15,7.661387395,16,0,1.29979432,F
1664,16,17.38198137,27,2,0.747833944,F
1665,15,11.36638302,26,1,0.532923204,F
1666,15,8.790155609,14,3,2.07376979,D
1667,16,1.344812681,17,3,1.991379364,F
1668,18,9.293789369,15,3,1.8999596,F
1669,15,16.41471682,12,3,2.614883942,C
1670,17,12.29082036,20,0,1.810270744,F
1671,15,16.64324907,16,2,1.581931481,F
1672,16,9.880233412,7,1,2.271332803,D
1673,16,2.369234102,0,2,3.363670491,B
1674,16,0.272796917,28,1,0.48129848,F
1675,18,6.064390934,24,0,0.199927379,F
1676,15,13.95980943,25,2,1.268008751,F
1677,18,15.80519808,26,3,0.882552454,F
1678,18,5.915056692,2,3,3.120136639,B
1679,16,9.913078418,15,2,1.804154692,F
1680,16,8.422378089,27,2,0.681703644,F
1681,18,8.210455687,1,2,2.898261817,C
1682,15,4.626974264,14,3,1.730318003,F
1683,17,2.727422101,0,0,3.560791672,A
1684,18,3.933771165,8,3,2.528774574,C
1685,15,1.106647743,15,2,1.592387858,F
1686,16,3.962614836,3,1,2.374130972,D
1687,16,0.184017953,11,0,1.81040948,F
1688,15,12.54516801,0,1,2.829826431,C
1689,17,6.327508148,0,2,3.047602089,B
1690,16,19.46289423,6,3,3.62592173,A
1691,16,3.874341016,17,2,0.927321545,F
1692,16,6.916571406,22,2,1.331958949,F
1693,15,7.156823173,27,4,0.779551722,F
1694,18,0.169029921,22,1,0.881358447,F
1695,16,16.78415906,14,1,2.398121086,D
1696,18,0.639889203,25,2,0.758814269,F
1697,17,18.80359669,29,3,1.028865596,F
1698,16,17.84148702,24,3,1.444476695,F
1699,16,10.71043832,12,2,2.214067459,D
1700,17,10.8719115,15,4,2.511918088,C
1701,16,13.07555846,6,3,2.690149803,C
1702,18,7.741000239,15,0,1.605274386,F
1703,15,12.94444567,12,3,2.709889487,C
1704,18,0.895367774,13,0,1.528563501,F
1705,15,1.080952547,16,3,1.778569202,F
1706,15,9.144608392,11,1,2.121964059,D
1707,18,10.99244602,28,3,0.405904831,F
1708,18,17.75635281,23,2,1.123926328,F
1709,18,2.093212678,23,3,0.870330411,F
1710,18,16.45295854,19,2,1.822829208,F
1711,17,4.200946746,12,3,2.231182932,D
1712,16,7.88167297,23,1,0.966967717,F
1713,15,6.332048697,19,4,1.691858946,F
1714,18,8.003105457,14,3,2.069758206,D
1715,18,3.009909961,23,1,1.057876127,F
1716,18,10.07140149,20,4,1.321427207,F
1717,17,16.0328518,3,2,3.516940721,A
1718,18,8.830680208,21,3,1.049157002,F
1719,18,9.812271518,1,3,3.486141329,B
1720,18,16.97535171,27,0,0.586837405,F
1721,16,14.12116229,17,4,2.358815897,D
1722,17,9.80908817,1,2,3.152222286,B
1723,18,5.153912964,24,1,0.587835083,F
1724,15,17.69853494,14,3,2.668893329,C
1725,15,11.54040803,29,3,0.304372034,F
1726,15,4.422952202,25,0,0.280670308,F
1727,17,5.382395053,18,1,0.873091197,F
1728,17,16.06266178,14,3,2.330783483,D
1729,15,0.882911242,25,0,0.318850909,F
1730,18,19.84184374,19,4,1.792289321,F
1731,17,2.607033594,9,3,2.573219137,C
1732,15,15.92137051,27,2,1.084490126,F
1733,15,7.895506335,23,2,1.08669668,F
1734,18,9.844323666,19,2,1.004112663,F
1735,16,17.61301155,10,2,2.824604893,C
1736,17,8.258223792,25,3,1.364373782,F
1737,18,10.74987507,9,4,2.607286401,C
1738,15,0.985993248,28,2,0.568468084,F
1739,15,0.046949477,22,2,0.573796193,F
1740,18,4.89599746,4,1,2.258071035,D
1741,17,13.61166186,8,3,2.840092975,C
1742,16,2.425297867,19,3,1.683117263,F
1743,16,2.275239176,18,3,1.72090715,F
1744,15,8.219212161,12,0,1.537783909,F
1745,17,12.95674077,17,3,2.063463508,D
1746,16,14.24143984,16,2,1.87854751,F
1747,17,3.569013482,26,3,0.863270859,F
1748,17,1.591762947,5,3,2.513286133,C
1749,15,18.80794068,9,3,2.77216327,C
1750,16,5.213327651,1,2,2.888385936,C
1751,18,17.06692995,23,3,1.337161049,F
1752,15,17.26982901,5,0,2.370611615,D
1753,16,15.45045184,27,3,0.854464648,F
1754,16,3.376672133,27,0,0.322641827,F
1755,16,16.43602919,20,2,1.834226997,F
1756,16,15.38501118,12,1,1.990060452,F
1757,16,11.9344598,17,3,2.226983394,D
1758,17,6.744040703,6,2,2.608386898,C
1759,15,5.250172085,1,3,3.406339082,B
1760,17,2.437784242,28,3,0.867034374,F
1761,18,10.19514134,13,3,2.166091325,D
1762,16,11.70521751,4,1,2.422928333,D
1763,15,7.18677981,17,3,1.509557878,F
1764,16,9.507181354,10,2,2.443857264,D
1765,15,7.270289147,9,0,2.003828379,D
1766,17,12.82012115,10,1,2.465306489,D
1767,15,18.02518416,26,1,0.844792002,F
1768,18,3.278405241,1,0,2.731058898,C
1769,18,,14,2,1.736011489,F
1770,15,2.817372079,6,0,2.589670731,C
1771,15,12.49887541,8,2,2.742361123,C
1772,15,14.57741019,4,1,2.49591944,D
1773,15,18.63825465,6,1,2.853437194,C
1774,18,5.577438525,19,4,1.591347992,F
1775,16,19.00422412,1,2,3.209673328,B
1776,15,1.265253436,2,1,3.127617865,B
1777,15,12.06027727,1,2,3.453275897,B
1778,18,1.142654387,20,1,0.822773567,F
1779,18,17.87548376,21,0,1.217335228,F
1780,17,10.59618114,22,0,0.762684311,F
1781,15,13.38696702,18,4,2.145848671,D
1782,17,16.63147852,3,3,3.299131002,B
1783,18,3.00621245,23,3,1.170812285,F
1784,18,0.771831239,19,4,1.424595653,F
1785,16,17.57762292,6,4,2.902659367,C
1786,15,6.298664549,27,3,0.691477419,F
1787,17,2.579578159,21,3,1.8865425,F
1788,18,9.369224742,6,2,2.635341351,C
1789,18,11.96612151,16,1,1.500339419,F
1790,17,0.619412068,18,2,1.235553816,F
1791,16,5.497913165,21,2,0.604613406,F
1792,18,0.655997486,15,4,1.388138976,F
1793,15,8.406707784,2,2,3.300552206,B
1794,18,17.90200058,14,3,2.168641593,D
1795,15,19.65304823,13,2,2.79726748,C
1796,17,12.74095107,14,1,1.717458615,F
1797,15,3.232753876,13,2,1.687900492,F
1798,17,18.1169878,6,2,2.952145863,C
1799,15,10.32495646,24,2,0.963375009,F
1800,17,3.074986242,2,2,3.334971828,B
1801,15,18.43453339,29,1,0.443640655,F
1802,16,15.14938101,16,2,1.955791739,F
1803,15,14.63410545,9,3,2.850351339,C
1804,15,14.18361408,14,2,2.370067422,D
1805,16,4.006796422,28,2,0.152590779,F
1806,18,4.220133834,5,0,2.123043127,D
1807,18,13.76585997,27,1,0.922013232,F
1808,15,4.394455002,16,2,1.428993238,F
1809,16,8.773433936,16,2,1.893440916,F
1810,15,15.64003651,13,2,1.939584666,F
1811,17,15.67905036,23,3,1.511276997,F
1812,17,9.065235451,24,1,0.825604174,F
1813,15,15.84379877,17,0,1.764354309,F
1814,18,16.77243592,24,2,1.2955949,F
1815,18,13.09551503,4,2,2.473717178,D
1816,15,4.568517046,28,2,0.019798485,F
1817,15,5.480235608,7,3,2.202958506,D
1818,17,6.296823108,6,3,3.040025436,B
1819,18,2.336082155,22,1,1.069079987,F
1820,15,5.463192407,3,4,3.941760022,A
1821,17,4.190384486,17,1,1.482595973,F
1822,18,9.106574996,4,3,3.042275369,B
1823,16,18.16875096,15,3,2.10396651,D
1824,17,2.089606335,13,3,1.787522329,F
1825,18,14.40535848,26,1,1.100381883,F
1826,18,13.74566009,26,2,0.854558289,F
1827,17,1.915083973,18,2,1.199651388,F
1828,16,18.4514481,13,1,2.591940919,C
1829,17,11.36944404,8,0,2.282212745,D
1830,18,7.274510423,5,2,2.754877493,C
1831,15,15.13077167,16,2,1.921268647,F
1832,15,5.147309168,18,3,1.583556496,F
1833,17,13.87019674,11,1,1.723385686,F
1834,18,0.794224151,3,3,2.876055005,C
1835,15,16.78816075,15,1,1.88899193,F
1836,18,8.96341694,24,3,1.369369967,F
1837,17,12.73385829,10,2,2.550546234,C
1838,15,4.424756396,21,2,1.943573341,F
1839,18,13.54147425,3,3,3.310401269,B
1840,15,15.44480552,16,1,1.418938675,F
1841,17,9.464263738,7,1,2.353054655,D
1842,18,12.35453848,13,2,1.752886206,F
1843,15,9.126518476,26,1,0.513962989,F
1844,17,17.88182739,1,2,3.021954868,B
1845,15,9.95738361,10,1,1.834749448,F
1846,15,16.83617418,10,3,2.275700147,D
1847,16,16.02704117,23,3,1.767646785,F
1848,16,8.210096427,21,0,1.353723074,F
1849,17,4.601689837,23,3,1.034201169,F
1850,16,8.121642651,5,2,2.758341831,C
1851,17,16.52434752,20,2,1.789966874,F
1852,16,4.552650716,20,2,1.223973607,F
1853,15,10.48872692,13,3,2.443619105,D
1854,17,16.12193496,29,2,0.362957003,F
1855,17,7.069549503,9,3,2.251753922,D
1856,15,12.84419274,25,1,0.900041692,F
1857,17,4.912631481,26,4,0.656616923,F
1858,17,2.185588907,7,3,2.186426951,D
1859,16,15.8876845,6,1,2.883136266,C
1860,17,1.979372468,7,3,2.877853698,C
1861,18,5.427627902,27,2,0.01206349,F
1862,15,17.10218844,7,1,2.583738163,C
1863,16,6.929385742,22,1,1.161554531,F
1864,16,19.46090699,1,0,3.301690513,B
1865,18,19.5946867,26,3,1.505172773,F
1866,15,5.365520409,15,2,1.385696221,F
1867,15,0.819564445,8,2,2.240923949,D
1868,16,14.10126568,12,1,2.116723382,D
1869,17,9.019730053,22,2,1.036656834,F
1870,16,2.015056879,11,2,1.617460207,F
1871,15,14.15045638,26,3,0.865945542,F
1872,18,0.623498182,21,4,1.320245987,F
1873,16,17.40393381,24,2,1.259764683,F
1874,15,2.773050582,28,2,0.081573184,F
1875,16,2.546237575,16,2,1.689673085,F
1876,17,3.513445959,26,3,0.46042165,F
1877,16,19.20532717,1,1,3.577043897,A
1878,16,13.86338721,12,2,2.087872127,D
1879,15,16.02743071,0,3,3.369584362,B
1880,15,7.952699715,25,0,0.0,F
1881,15,6.72625455,27,1,0.094651592,F
1882,16,4.689680136,18,3,1.405315628,F
1883,17,9.612960566,10,1,1.87826418,F
1884,18,11.03657467,4,2,2.87190477,C
1885,18,12.63549687,0,2,3.70794804,A
1886,15,5.14237008,19,2,1.174868091,F
1887,15,18.97308162,29,1,0.995449642,F
1888,16,3.395169964,12,4,2.528711257,C
1889,18,19.3130635,7,0,2.59683449,C
1890,15,0.29712245,5,3,2.460606774,D
1891,17,9.622513836,28,0,0.547780724,F
1892,17,6.667356762,16,2,1.803054427,F
1893,15,8.982468279,11,1,2.309975848,D
1894,15,11.41329158,0,1,3.093363943,B
1895,18,8.71178316,2,1,2.615900724,C
1896,18,8.296937006,13,2,2.276918318,D
1897,16,14.65446831,25,2,1.051531526,F
1898,18,13.7175255,7,1,2.747706159,C
1899,17,16.66542564,10,4,2.621670104,C
1900,17,4.999179625,26,1,0.243298094,F
1901,15,12.1905702,13,2,2.194706521,D
1902,18,11.70389571,7,1,2.639906488,C
1903,16,7.394756217,28,2,0.833493418,F
1904,17,9.721150838,2,3,3.402401591,B
1905,17,6.275642866,6,2,2.616291695,C
1906,16,2.836887952,27,1,0.339715385,F
1907,16,4.276024213,18,1,1.69772878,F
1908,17,2.110272928,3,3,2.356856807,D
1909,17,13.6613915,24,1,0.84562484,F
1910,16,13.21454786,15,2,2.246545273,D
1911,17,19.01212743,12,1,2.478699183,D
1912,15,14.59356827,19,1,1.374288283,F
1913,15,1.040916775,18,1,1.355381045,F
1914,16,17.68490348,4,3,3.06049075,B
1915,18,17.25350326,22,3,1.556957122,F
1916,16,8.866406415,4,2,3.219531248,B
1917,16,11.71726101,19,1,1.150153548,F
1918,18,19.52156665,23,2,1.321429302,F
1919,18,10.64608728,3,2,3.491326588,B
1920,18,18.10643657,1,2,3.869586724,A
1921,15,1.660775156,25,0,0.170463613,F
1922,17,3.821037374,12,4,2.19738729,D
1923,15,8.815098869,29,2,0.021155583,F
1924,17,11.69513617,15,4,2.386799507,D
1925,15,16.32455704,21,0,1.361031288,F
1926,17,19.7652423,1,1,3.51068089,A
1927,15,7.777029929,18,1,1.43737075,F
1928,18,0.948312723,16,3,1.804417459,F
1929,16,16.02343007,4,2,3.262269864,B
1930,15,12.08761438,24,3,1.169658238,F
1931,17,3.970857177,17,3,1.401550934,F
1932,18,9.896569132,27,3,0.549601825,F
1933,15,14.84620491,22,3,1.516508268,F
1934,15,15.40823574,20,3,2.032219512,D
1935,18,9.99236824,17,3,2.289299775,D
1936,15,6.104290603,7,2,2.086687741,D
1937,16,19.47485164,26,3,1.66766699,F
1938,15,13.26725222,14,3,2.595889051,C
1939,16,8.164750387,12,2,1.950769177,F
1940,16,5.609264484,12,4,2.102541899,D
1941,18,14.62205966,15,0,1.3791672,F
1942,15,4.843668912,21,2,0.67219968,F
1943,18,3.434199779,19,1,1.141638567,F
1944,15,10.59667778,12,1,1.621012115,F
1945,15,5.799747853,19,3,1.122110973,F
1946,17,12.5781029,1,4,3.402044108,B
1947,15,2.358773497,2,3,2.683854739,C
1948,18,13.09882209,14,4,2.996856279,C
1949,16,5.66593056,22,1,1.284865711,F
1950,15,0.004858689,18,1,1.201053303,F
1951,17,2.538721153,12,2,1.978021718,F
1952,18,18.67230756,4,3,3.83669864,A
1953,15,17.34709278,25,0,1.179903407,F
1954,18,4.672180641,21,4,1.54005946,F
1955,17,15.56743809,5,3,3.158858262,B
1956,17,12.17143186,13,4,1.752496836,F
1957,18,19.41809423,3,2,3.045113482,B
1958,15,7.472113191,21,2,1.165603946,F
1959,16,13.62921225,18,3,1.785760791,F
1960,17,1.270714448,22,3,0.841108717,F
1961,15,7.924946936,6,1,2.397182558,D
1962,15,19.27635322,3,4,3.576909015,A
1963,16,10.77961749,1,3,3.225158275,B
1964,17,5.757590067,26,0,0.0,F
1965,17,2.405419263,6,1,2.806697764,C
1966,15,14.0705668,2,2,3.42183767,B
1967,15,,14,2,2.105309279,D
1968,16,7.478774272,0,3,3.160902091,B
1969,16,19.01882704,1,0,2.99354156,C
1970,17,0.44405626,9,3,2.490220426,D
1971,18,6.074477033,15,3,2.13083278,D
1972,17,18.42138973,24,1,0.838464873,F
1973,15,6.418708766,27,2,0.676771033,F
1974,17,5.045056677,14,1,1.735956512,F
1975,18,10.6844082,23,1,1.254572618,F
1976,16,16.476035,14,2,1.922688235,F
1977,18,2.062935218,13,4,2.19199842,D
1978,18,18.86041419,21,1,1.757523486,F
1979,18,15.90145762,13,2,1.92410232,F
1980,16,3.625005111,5,1,2.80797413,C
1981,18,14.24015922,13,1,2.138772677,D
1982,18,7.699174453,16,2,1.363841047,F
1983,18,8.045893562,17,3,1.722726052,F
1984,15,15.66580185,19,0,1.192108472,F
1985,18,19.25569616,18,4,1.53478239,F
1986,16,2.533117457,29,0,0.115243211,F
1987,18,8.412604738,16,3,1.562359564,F
1988,18,9.618832162,15,3,2.096032625,D
1989,16,7.526236339,7,2,3.009238323,B
1990,18,7.263782474,6,1,2.071108065,D
1991,16,1.045373351,19,2,1.747356452,F
1992,18,13.71077241,27,3,1.079867369,F
1993,16,8.724288342,11,3,2.271400211,D
1994,18,3.895876053,8,2,2.117233031,D
1995,18,,26,2,0.743592358,F
1996,15,16.05121496,13,3,1.892745845,F
1997,15,9.727832562,19,4,1.586464189,F
1998,18,5.969013223,0,3,3.512322895,A
1999,18,12.76185452,9,3,2.629211521,C
2000,17,5.763042716,16,2,1.8366428,F
2001,16,4.720158606,16,3,1.83435914,F
2002,17,14.61029308,16,3,1.766055977,F
2003,15,0.806504794,-122,3,3.201710217,B
2004,15,1.895369421,16,2,1.263890772,F
2005,15,0.13576348,17,2,1.427724376,F
2006,15,3.05886373,19,2,1.070707952,F
2007,18,1.379800174,22,2,0.832717506,F
2008,15,19.91604736,1,2,3.130222795,B
2009,18,5.776199399,7,3,2.537098951,C
2010,18,2.985360253,12,2,1.671076182,F
2011,15,4.81992516,22,1,0.81655066,F
2012,15,18.72251143,24,3,1.131402736,F
2013,16,10.40320446,29,3,0.333154228,F
2014,17,7.296361926,21,2,1.48906302,F
2015,15,17.46782916,19,1,1.683330032,F
2016,16,7.899805411,21,4,1.921942134,F
2017,16,6.700171399,14,3,1.940006922,F
2018,17,4.145650451,19,1,1.065848673,F
2019,18,7.555936478,22,0,0.968986131,F
2020,15,6.33368712,8,2,2.68614499,C
2021,17,13.54607919,2,3,3.520612392,A
2022,15,5.791654093,2,1,2.815973296,C
2023,16,11.54399493,1,2,3.487510668,B
2024,16,1.317843301,0,2,3.592128978,A
2025,18,3.825783134,13,3,1.578441665,F
2026,16,8.148105432,16,2,1.886008174,F
2027,16,18.73898508,12,2,2.366010872,D
2028,17,7.545039714,18,4,2.434934379,D
2029,15,13.28148242,29,1,0.393186471,F
2030,15,5.101744448,22,1,0.713267665,F
2031,17,2.540671519,14,3,2.57444997,C
2032,18,1.170732002,26,1,0.700539867,F
2033,15,6.108269971,24,3,1.586289237,F
2034,16,3.153220536,13,0,2.058575293,D
2035,15,3.48020896,1,1,3.129640051,B
2036,16,15.21518617,6,4,3.539198712,A
2037,18,0.316761419,16,2,2.059966656,D
2038,17,11.15620251,17,3,1.756035495,F
2039,15,7.589227612,5,1,2.622601052,C
2040,17,10.131,26,1,0.262861167,F
2041,15,11.25660474,20,3,1.704415089,F
2042,16,6.267353889,7,2,2.104449931,D
2043,17,5.902177204,27,2,0.83751232,F
2044,15,14.66803699,26,0,0.556828033,F
2045,16,17.42553976,1,2,3.350130974,B
2046,17,3.851632649,0,3,3.279646224,B
2047,17,1.952375211,15,3,1.556328957,F
2048,15,17.95591613,6,3,2.846378753,C
2049,15,6.997909273,21,3,1.137899801,F
2050,15,11.02634781,23,2,1.391787779,F
2051,16,7.19086289,10,2,2.182795221,D
2052,15,2.516046727,14,3,2.253871179,D
2053,17,,12,1,2.254020037,D
2054,17,10.50281704,29,1,0.392549011,F
2055,15,4.059871184,23,4,1.484857697,F
2056,15,9.037380893,1,0,2.672093364,C
2057,18,15.93895008,13,1,1.831511281,F
2058,17,11.80852206,23,2,0.758182974,F
2059,16,1.938346541,5,3,2.938175467,C
2060,18,10.96042994,8,2,3.054924125,B
2061,15,14.05476599,27,2,0.9175822,F
2062,15,15.85406812,6,4,3.460884653,B
2063,17,12.58235157,17,3,1.841907749,F
2064,15,3.053163291,23,3,1.185985514,F
2065,16,14.20346533,8,0,2.422230686,D
2066,17,13.54683692,22,1,0.912660673,F
2067,15,0.488537659,3,2,3.073304473,B
2068,17,8.234953352,8,1,2.167282956,D
2069,15,6.659004939,3,0,2.553864498,C
2070,15,13.38824129,11,1,2.448602519,D
2071,15,4.322716246,3,2,3.463239305,B
2072,16,11.81743846,24,3,1.442868859,F
2073,16,18.26411924,29,3,0.913127809,F
2074,17,15.95604744,23,0,0.923753225,F
2075,15,18.42915472,19,2,1.843597083,F
2076,15,19.57011934,13,1,2.096645441,D
2077,16,0.21340254,23,2,0.875367124,F
2078,15,12.45482553,23,2,1.449000321,F
2079,16,8.256787955,6,2,3.081193555,B
2080,15,17.19708981,25,3,1.118752405,F
2081,17,5.03629404,12,3,2.0622007,D
2082,15,19.62058978,21,3,1.562911635,F
2083,15,12.27415939,7,3,2.492838108,D
2084,18,15.87074804,22,3,1.100172041,F
2085,16,1.711991056,4,3,2.693598516,C
2086,15,3.669157695,11,2,1.684842207,F
2087,15,15.16807346,12,2,2.423585367,D
2088,18,0.439730441,28,3,0.405052613,F
2089,18,16.33755972,19,0,0.651340702,F
2090,16,0.278980374,13,3,1.79485975,F
2091,18,13.14237678,27,4,0.963631931,F
2092,17,7.301878405,17,3,1.930782797,F
2093,18,12.22989705,26,0,0.994334751,F
2094,17,13.92062814,23,2,1.354327034,F
2095,16,6.849504384,24,3,0.703573144,F
2096,16,2.159248962,19,4,1.523945155,F
2097,16,1.392917355,3,2,3.358694269,B
2098,16,11.77872045,20,3,1.765695173,F
2099,16,10.41310707,17,3,1.787402596,F
2100,17,14.84402018,6,1,3.154023246,B
2101,17,10.1947102,14,3,2.005144713,D
2102,16,8.448915801,20,2,1.72075965,F
2103,18,7.961743565,5,2,3.127056224,B
2104,15,0.528938052,15,2,1.441918756,F
2105,16,6.711144034,19,3,1.620921239,F
2106,18,19.52040315,23,3,2.19621735,D
2107,15,17.47111152,7,2,3.103075343,B
2108,16,6.587561341,27,3,0.473623396,F
2109,16,11.7559081,20,3,1.043865867,F
2110,17,16.94593491,15,3,2.385530671,D
2111,15,8.825486735,27,2,0.270110314,F
2112,15,0.359157275,21,0,0.438981741,F
2113,18,1.490209236,15,2,1.558059855,F
2114,17,10.20785443,2,3,3.680961344,A
2115,17,19.38878751,16,1,2.11058376,D
2116,17,13.86419084,8,4,3.291540841,B
2117,17,1.418323829,24,3,0.427763354,F
2118,15,3.787217516,2,3,2.846487469,C
2119,15,15.42646286,19,3,1.772355433,F
2120,16,16.8287952,28,2,0.797517669,F
2121,16,12.35389172,6,3,3.520931453,A
2122,17,12.88846339,17,2,1.591365738,F
2123,17,0.566749008,11,3,1.864073652,F
2124,17,16.57060519,18,3,2.411840622,D
2125,16,15.76550416,15,3,2.137692088,D
2126,18,5.180702882,21,3,1.07333339,F
2127,18,14.1735344,26,0,0.312479581,F
2128,16,4.297092128,23,0,0.502226121,F
2129,16,0.806603221,16,3,1.490308897,F
2130,16,4.022730852,19,1,0.876544106,F
2131,16,3.572577535,14,2,2.051919032,D
2132,16,6.754959935,0,2,3.294332437,B
2133,16,8.368989944,1,0,2.607839353,C
2134,17,10.17077783,7,0,2.207001981,D
2135,17,9.53507751,21,3,1.629355896,F
2136,17,5.413492119,24,3,0.493741135,F
2137,17,0.583413371,1,2,3.204313181,B
2138,16,12.10203244,18,4,2.068111785,D
2139,18,7.914896597,8,1,2.281345006,D
2140,15,5.973443148,8,1,2.482172408,D
2141,16,17.33882086,12,3,2.622179002,C
2142,15,14.93486616,5,3,3.350591979,B
2143,18,17.15531097,29,2,0.841175754,F
2144,17,9.899655894,14,4,2.371982915,D
2145,18,2.618625043,18,4,1.922591349,F
2146,16,13.92442872,20,0,1.007517308,F
2147,17,4.121475599,14,1,1.55387334,F
2148,16,8.824593382,17,3,1.247692796,F
2149,17,1.300015779,6,2,2.460743527,D
2150,15,16.50616805,25,0,0.963340431,F
2151,15,2.518812821,10,3,2.083697986,D
2152,15,18.06195014,7,2,2.942198842,C
2153,18,17.28461205,5,2,3.179450768,B
2154,16,9.291655289,7,1,2.627337296,C
2155,18,14.88736409,1,3,3.109493579,B
2156,15,12.38890148,18,2,1.422917512,F
2157,16,16.06151285,15,1,2.058204484,D
2158,15,8.636102016,6,2,2.917010983,C
2159,18,15.71616968,9,2,3.184442107,B
2160,18,9.249136341,11,4,2.605375369,C
2161,18,18.81931576,16,4,2.346025741,D
2162,15,9.727442017,6,1,2.239463986,D
2163,16,9.252385439,21,3,1.751163358,F
2164,16,15.70143723,7,3,2.952721567,C
2165,15,16.43155384,6,3,3.072136606,B
2166,16,11.08978229,3,2,2.809311539,C
2167,15,3.59595627,2,0,2.644059861,C
2168,16,9.355164619,18,3,1.397429095,F
2169,17,19.36145006,14,1,2.440060526,D
2170,17,15.05972386,3,1,2.626819238,C
2171,18,16.22325208,24,3,1.468428885,F
2172,17,0.656509976,8,4,2.380666917,D
2173,17,9.357189253,12,1,2.303453349,D
2174,17,12.93242267,17,3,1.596128103,F
2175,15,16.60065367,20,2,1.685389146,F
2176,17,0.985473072,15,3,1.89700035,F
2177,17,17.04877771,0,2,3.496776545,B
2178,18,10.96801873,3,1,3.361230858,B
2179,17,3.946279412,17,1,0.82170167,F
2180,17,6.345104329,7,2,2.640476136,C
2181,16,5.638591035,19,1,0.897216927,F
2182,18,10.61718069,15,0,1.674676218,F
2183,18,1.033713598,20,3,0.906353743,F
2184,18,3.17072317,10,2,2.419028937,D
2185,18,16.25386087,19,3,2.131447069,D
2186,18,2.652079815,20,1,1.030802659,F
2187,18,4.667925389,20,3,1.50951986,F
2188,15,9.067412112,20,2,1.789239837,F
2189,17,10.34241776,26,0,0.596417017,F
2190,18,15.27220959,18,2,1.414555678,F
2191,17,8.946648533,22,0,1.242176324,F
2192,17,15.79729242,18,3,1.934783812,F
2193,15,12.36692614,17,3,2.315769875,D
2194,18,2.261994788,18,2,1.81861256,F
2195,16,3.126628768,10,1,2.36312146,D
2196,15,8.740674509,2,1,2.791339403,C
2197,16,7.937787862,7,2,2.954534084,C
2198,17,14.87088539,19,3,1.812887043,F
2199,17,11.6147428,18,1,1.141456556,F
2200,15,7.76266162,9,0,2.29536228,D
2201,15,3.415205669,15,2,1.677100802,F
2202,16,4.536742047,4,2,2.752163931,C
2203,18,11.51002037,19,1,1.201444582,F
2204,16,8.468776098,8,2,2.901185607,C
2205,15,10.29855018,7,2,2.676827394,C
2206,16,3.413548706,10,2,2.297639913,D
2207,15,13.25812505,15,2,1.451441021,F
2208,16,17.05077482,6,3,2.981786874,C
2209,15,5.158790136,14,0,1.415221491,F
2210,15,9.830284517,23,1,0.928539344,F
2211,15,19.51054658,28,2,0.984031783,F
2212,18,6.664834811,20,2,1.382935705,F
2213,16,11.9009269,19,2,1.863899822,F
2214,16,1.803914004,22,3,1.228428847,F
2215,16,12.12030005,16,3,2.137393265,D
2216,15,1.792635466,5,1,2.434532444,D
2217,16,19.18470871,14,3,2.256488312,D
2218,16,14.31325304,7,2,2.689155112,C
2219,15,15.76319576,6,1,3.131235885,B
2220,17,14.08208722,1,4,3.770283973,A
2221,15,11.79458072,29,3,0.799591198,F
2222,16,8.998255622,12,4,2.964668231,C
2223,15,17.1674676,29,1,0.702760319,F
2224,17,19.13671335,22,1,1.193617771,F
2225,15,9.980723458,28,2,0.299951906,F
2226,16,18.63070098,5,3,3.299578873,B
2227,17,11.6666582,28,1,0.212367095,F
2228,18,10.76768374,4,3,3.526125038,A
2229,16,9.089654659,19,2,1.611737954,F
2230,17,4.185755231,0,2,3.343050864,B
2231,17,0.074393216,28,3,0.026468661,F
2232,18,4.830124537,17,3,1.63640311,F
2233,15,10.19446343,14,0,1.709701378,F
2234,15,7.599199045,22,4,1.485111828,F
2235,16,8.96970456,9,2,2.999409147,C
2236,18,19.61296439,2,0,3.51541583,A
2237,15,7.005447413,4,3,2.918139128,C
2238,18,9.043658787,23,4,1.362233599,F
2239,15,2.670311027,28,3,0.20506796,F
2240,17,0.959154649,12,3,2.233239466,D
2241,15,15.50819029,7,3,3.159302938,B
2242,18,11.4136635,21,4,1.994611703,F
2243,17,15.21409612,20,0,0.999088544,F
2244,17,2.997255978,28,3,0.521955726,F
2245,17,11.43657542,1,3,3.463687549,B
2246,18,5.072849487,8,0,1.987964727,F
2247,16,4.561236338,16,2,1.681904804,F
2248,16,0.230520281,26,2,0.112635059,F
2249,16,,17,3,1.907983914,F
2250,18,6.18536223,12,0,1.197933331,F
2251,17,2.337575212,0,3,3.215272685,B
2252,16,19.71716881,11,1,2.190269259,D
2253,18,6.17265297,19,2,1.150966131,F
2254,16,2.606478934,19,3,0.690151345,F
2255,15,3.981646257,20,2,1.519955292,F
2256,16,11.75406457,4,2,3.16898861,B
2257,16,1.280870477,7,0,1.808164559,F
2258,17,17.2486826,26,3,1.11587873,F
2259,18,19.22999358,14,4,2.00330798,D
2260,17,4.934948413,26,4,0.889714915,F
2261,17,9.001905372,2,3,3.984673603,A
2262,17,0.442689021,5,1,2.325434065,D
2263,17,12.81420449,27,1,0.613316332,F
2264,17,8.278521161,12,1,2.712229743,C
2265,16,5.401169322,11,2,2.096616211,D
2266,17,4.136742212,18,1,1.18306385,F
2267,17,13.08046155,28,1,0.560174606,F
2268,18,8.324340621,17,3,1.167425413,F
2269,15,3.593185781,23,2,0.923181562,F
2270,16,13.78218163,0,3,3.841286249,A
2271,16,11.30144566,24,4,1.212880751,F
2272,16,17.1734411,26,3,0.96214922,F
2273,17,2.349517978,6,3,2.502009134,C
2274,17,15.71333204,11,3,2.456223794,D
2275,17,13.47033574,9,2,2.646556961,C
2276,18,2.300218737,28,0,0.381768495,F
2277,15,13.8964146,11,0,2.396139095,D
2278,17,8.830945778,10,1,2.595648863,C
2279,15,18.89969571,3,3,4.0,A
2280,18,2.832227012,18,4,1.419522635,F
2281,16,12.85666782,5,4,3.432684708,B
2282,17,7.639600909,24,0,0.129306752,F
2283,15,19.13629341,8,4,2.928948238,C
2284,15,6.599497906,19,2,0.947133463,F
2285,17,19.24371819,9,3,2.999544104,C
2286,16,18.02971702,4,1,3.055386295,B
2287,16,5.407664706,26,0,0.0,F
2288,16,16.07083554,12,2,2.745858798,C
2289,18,19.91208404,8,3,3.214628426,B
2290,15,5.053260043,1,1,3.415413324,B
2291,15,8.735543386,17,1,1.469389272,F
2292,15,10.40361473,20,4,1.552112938,F
2293,18,5.898622716,0,4,3.548459826,A
2294,15,0.305296793,23,0,0.192625112,F
2295,18,4.402584884,20,3,1.34899742,F
2296,16,5.638737687,11,2,2.143105069,D
2297,17,8.871994026,9,2,2.471386533,D
2298,15,3.422049568,1,2,3.205425334,B
2299,15,17.46508713,27,2,0.454114438,F
2300,16,14.09822265,8,2,2.809833207,C
2301,17,1.704009551,1,2,2.997505608,C
2302,18,13.00184902,22,2,1.176189034,F
2303,17,13.07312953,23,3,1.668924546,F
2304,16,19.12442347,29,3,1.623004075,F
2305,16,0.060417427,21,2,0.517793128,F
2306,17,4.958648996,13,1,1.946100698,F
2307,18,18.55582959,10,3,2.815003048,C
2308,18,18.64267831,22,3,1.248182567,F
2309,15,,10,3,2.759014343,C
2310,18,15.31526642,16,2,1.921294208,F
2311,17,1.829659159,3,1,2.732290676,C
2312,16,10.2775167,12,3,2.228608619,D
2313,15,4.631659826,6,2,2.611688473,C
2314,15,3.624360872,15,4,2.197776727,D
2315,16,16.20606598,0,3,3.335506793,B
2316,18,2.700762734,12,1,1.721597963,F
2317,16,9.37303274,0,2,3.287973198,B
2318,18,18.77156479,10,3,2.561964557,C
2319,16,3.716641111,5,2,2.358571866,D
2320,17,19.55986847,19,2,1.497673654,F
2321,18,19.88575972,2,3,3.517237129,A
2322,17,11.11234309,11,3,2.40408982,D
2323,15,3.402854804,4,1,2.517228982,C
2324,16,6.322097759,8,2,2.435244282,D
2325,15,8.489856654,25,4,1.283227506,F
2326,15,6.186484487,25,4,1.099434304,F
2327,15,5.612711598,11,3,2.191196795,D
2328,15,19.44459418,29,4,1.584478764,F
2329,16,3.067296548,29,2,0.475730833,F
2330,15,14.66655817,27,2,1.207268546,F
2331,16,0.008205789,26,2,0.264924163,F
2332,16,11.92365339,9,1,2.70665962,C
2333,17,18.31886008,18,2,1.530427889,F
2334,18,5.758681882,4,2,3.127452528,B
2335,18,3.710519505,25,3,1.003614146,F
2336,16,13.0335959,4,3,3.369218605,B
2337,17,14.25202815,8,3,2.791386108,C
2338,16,13.76061038,26,2,0.673525946,F
2339,16,6.3863376,27,1,0.337554141,F
2340,16,5.044048043,25,2,0.886889416,F
2341,17,19.118376,26,3,1.506662773,F
2342,18,18.46599017,19,1,1.705199389,F
2343,17,9.146332198,16,2,1.972791414,F
2344,15,16.92387732,9,2,2.626082829,C
2345,17,9.046469553,20,3,1.671968653,F
2346,17,8.487780361,0,3,3.093760925,B
2347,17,3.135258952,21,3,1.64337376,F
2348,17,8.52812113,27,2,0.339206699,F
2349,18,10.74833877,15,2,1.926359068,F
2350,15,0.450086549,25,1,0.449906208,F
2351,18,8.882260104,25,1,0.709570839,F
2352,18,15.62712437,14,1,1.748279682,F
2353,17,13.60092113,22,1,0.972168258,F
2354,16,12.70313978,16,1,1.934935784,F
2355,16,18.19110857,25,1,0.690347884,F
2356,18,0.360640197,19,1,0.730366159,F
2357,18,11.14095172,24,3,0.682265165,F
2358,17,15.74697697,12,4,3.023482483,B
2359,18,10.82670765,0,3,3.729652301,A
2360,17,6.477911052,24,0,0.841963225,F
2361,16,2.725011302,7,2,2.584174279,C
2362,16,17.75126144,4,3,3.372126043,B
2363,15,9.415247848,5,1,3.060805402,B
2364,16,17.56230394,22,3,1.168052,F
2365,18,11.71704245,19,2,1.349256122,F
2366,16,13.48384233,29,4,1.117964826,F
2367,17,16.08522309,13,3,2.578667734,C
2368,16,13.18311089,21,3,1.625551955,F
2369,15,7.961096814,22,3,0.934016396,F
2370,16,10.27266768,10,1,2.70263834,C
2371,17,16.06091049,5,1,2.964009263,C
2372,17,7.473005927,10,2,2.267458132,D
2373,18,7.762429135,12,1,1.753623068,F
2374,16,1.913802321,11,1,2.023234082,D
2375,17,18.2916887,21,2,1.678012532,F
2376,15,1.820726299,1,3,3.659836405,A
2377,18,12.96418355,20,0,1.362744369,F
2378,15,8.263889576,2,1,2.813805768,C
2379,16,8.112387805,22,2,1.302711984,F
2380,16,13.59103673,3,2,3.383911479,B
2381,16,1.341874653,16,1,1.378751308,F
2382,18,11.87411566,27,4,0.731486867,F
2383,17,15.44063572,27,2,0.400569479,F
2384,18,16.56425516,21,2,1.729073167,F
2385,15,3.410607788,5,0,2.615653765,C
2386,18,17.948381,6,2,2.986942737,C
2387,15,13.12292184,14,3,2.126988971,D
2388,18,17.63709602,10,1,2.70811104,C
2389,17,9.705614342,23,2,0.815777369,F
2390,15,10.8406669,2,0,2.524423895,C
2391,16,18.38076554,29,4,0.908238604,F
2392,16,17.99819087,5,0,3.055690207,B
2393,18,8.963217467,25,3,0.837946898,F
2394,16,5.488252633,1,2,2.833576111,C
2395,15,7.863408691,28,2,0.785213568,F
2396,16,7.755286571,13,3,1.885614785,F
2397,17,5.7373375,8,1,2.701230508,C
2398,17,5.371592087,17,2,1.521915901,F
2399,18,17.22125873,18,2,1.879725987,F
2400,15,1.397238414,11,0,2.037348017,D
2401,17,13.55222364,12,3,2.520673675,C
2402,17,3.456401029,25,0,0.136165908,F
2403,15,6.890117868,11,3,1.974655245,F
2404,16,1.230860683,11,2,2.194980372,D
2405,16,5.399472737,17,1,1.717995924,F
2406,18,15.36842142,8,3,2.510328721,C
2407,16,17.70030649,16,2,2.434950557,D
2408,15,4.430543038,20,2,1.355053462,F
2409,17,9.270956785,15,2,1.545255105,F
2410,16,9.406480959,16,1,1.619030513,F
2411,18,17.47150612,20,3,2.020741652,D
2412,16,15.25598106,23,2,0.983576997,F
2413,15,10.26154437,7,1,2.062468267,D
2414,18,13.41494401,10,3,2.644194209,C
2415,16,16.94710108,23,0,1.347863829,F
2416,18,0.190779081,1,1,3.055253982,B
2417,15,8.057800621,7,2,2.513692715,C
2418,17,18.14486335,11,3,2.340371914,D
2419,15,14.80626062,20,4,1.582093266,F
2420,15,10.85682749,0,3,3.565524163,A
2421,15,10.59289054,22,2,1.60147255,F
2422,15,6.955401952,12,3,2.637266429,C
2423,17,10.41041067,21,2,0.905209948,F
2424,17,13.10766399,20,1,1.576756471,F
2425,18,8.367260769,16,4,1.785051808,F
2426,16,14.28306293,13,1,1.880065093,F
2427,17,17.22464455,13,2,2.555223105,C
2428,17,3.093696964,15,3,1.574306088,F
2429,16,9.030940456,16,3,1.813846622,F
2430,17,8.160401826,5,0,2.584468263,C
2431,15,13.74929608,25,0,0.529798609,F
2432,15,4.997349305,27,2,0.714651286,F
2433,16,12.8050183,6,2,2.737474166,C
2434,18,17.54978483,25,2,1.270529562,F
2435,18,8.362631996,25,2,0.750888043,F
2436,16,18.220314,0,4,3.752639353,A
2437,16,19.86327478,24,1,1.162257801,F
2438,15,2.121840999,14,2,1.871465901,F
2439,18,4.66106376,19,2,1.074937389,F
2440,17,19.00759503,20,1,1.312772414,F
2441,15,19.16655373,17,1,1.702881675,F
2442,16,1.954145508,29,4,0.540375157,F
2443,18,0.299970008,27,3,0.341822388,F
2444,17,3.222000465,25,1,0.269720862,F
2445,17,19.92025567,12,3,2.504167767,C
2446,15,3.599992332,23,1,0.530358189,F
2447,18,10.05095213,29,3,0.82010553,F
2448,18,16.96835453,1,0,3.408489771,B
2449,16,0.408032214,18,3,1.350329806,F
2450,18,12.08977965,14,0,2.029736582,D
2451,18,5.540508977,11,2,1.774531103,F
2452,15,17.24669833,14,3,1.991909949,F
2453,18,5.669222985,24,1,0.754035723,F
2454,17,13.73511441,17,2,1.491382129,F
2455,15,13.48439265,13,0,2.157391833,D
2456,15,4.429870977,5,3,3.107348401,B
2457,16,0.695983997,11,2,1.999571861,F
2458,18,8.184991476,19,2,1.363340948,F
2459,16,5.783863039,22,4,1.306868039,F
2460,17,16.17955499,29,2,0.588555623,F
2461,15,16.00728377,29,0,0.681956139,F
2462,15,9.140479044,5,3,2.818581824,C
2463,15,12.13024451,25,3,0.744692833,F
2464,17,12.08519032,29,4,0.725192946,F
2465,17,16.54316297,8,1,2.92682044,C
2466,16,8.500048282,29,2,0.552257573,F
2467,16,5.508933596,24,3,1.298729107,F
2468,16,5.300698363,25,3,1.186737828,F
2469,18,10.72384559,3,3,3.332788588,B
2470,15,8.982964055,16,1,1.489067021,F
2471,15,8.80241542,1,1,3.307378114,B
2472,16,1.822746782,15,1,1.610940683,F
2473,15,14.37207481,23,4,2.057378501,D
2474,16,4.27473376,13,1,1.673711404,F
2475,18,3.939072604,25,2,0.490630062,F
2476,18,8.255166406,7,2,2.231656972,D
2477,17,4.555566832,13,2,2.259451154,D
2478,18,11.67716535,1,2,3.45446246,B
2479,16,7.429266787,15,3,2.15861017,D
2480,18,8.978234452,3,2,2.747908443,C
2481,17,,0,1,3.32390296,B
2482,15,4.07071045,22,2,0.909763533,F
2483,16,3.115032457,19,3,1.1678958,F
2484,15,17.60843806,26,4,1.220417976,F
2485,17,8.674474057,13,3,2.334525644,D
2486,17,8.241872193,7,3,2.844732262,C
2487,17,0.712243005,24,2,0.972247738,F
2488,15,9.959526052,27,3,0.856397043,F
2489,15,11.08339443,24,4,0.952675033,F
2490,15,11.17681742,2,2,3.235302581,B
2491,15,14.14062339,4,0,2.533432396,C
2492,17,3.5496367,5,4,2.772388537,C
2493,17,5.044462685,21,3,0.946767905,F
2494,16,16.2146093,25,2,1.315464371,F
2495,16,18.94341234,7,4,3.318208029,B
2496,15,2.718654947,5,2,2.33110892,D
2497,18,9.95299109,5,2,2.905973098,C
2498,18,4.283525055,3,3,3.344575198,B
2499,17,1.201463367,6,1,2.168178925,D
2500,17,6.510066763,29,3,0.211194223,F
2501,17,2.873752504,29,1,0.0,F
2502,16,14.19866147,23,1,0.893986013,F
2503,16,10.67450827,18,2,1.830793245,F
2504,17,2.87668942,6,2,2.465117414,D
2505,17,0.184831768,2,1,2.650522344,C
2506,17,16.16314098,7,4,3.161961511,B
2507,18,3.523888123,0,2,2.905702974,C
2508,16,12.12433284,0,1,3.732684701,A
2509,18,6.738438262,13,2,2.109686328,D
2510,18,11.70971877,5,3,2.546634578,C
2511,17,6.31307254,9,2,2.115603969,D
2512,17,1.738791214,24,1,0.48378939,F
2513,15,4.459000171,27,1,0.0,F
2514,15,3.76117133,13,2,1.811155481,F
2515,18,8.560387049,3,2,2.674162551,C
2516,16,13.16567567,5,3,3.102745561,B
2517,17,5.276121499,15,4,2.432896398,D
2518,17,0.241398706,27,1,0.591872336,F
2519,18,10.37874729,20,3,1.419798985,F
2520,15,12.11518979,27,4,1.364982521,F
2521,16,19.25740988,0,4,3.524855823,A
2522,15,11.78941606,5,4,3.056218177,B
2523,15,9.423451188,8,3,2.570682492,C
2524,15,11.46803252,14,2,2.134832886,D
2525,15,18.5580126,11,2,2.301932108,D
2526,17,16.56756291,2,2,3.354368116,B
2527,17,6.459574667,10,3,2.252575524,D
2528,15,4.745087273,14,2,2.059778342,D
2529,16,5.252672247,2,1,2.705024407,C
2530,18,10.08842079,13,1,1.820843734,F
2531,16,14.88098902,1,3,3.260950491,B
2532,16,10.06438414,28,3,0.741527556,F
2533,16,1.355927917,3,2,2.943750198,C
2534,15,14.47161401,25,1,0.447482856,F
2535,17,16.11940257,18,3,1.844059264,F
2536,16,5.789957302,11,0,1.899197563,F
2537,15,13.28251479,1,2,3.378845727,B
2538,16,8.531838021,16,2,1.666640098,F
2539,16,17.78238711,2,4,3.309453585,B
2540,15,16.90451116,9,2,2.761823751,C
2541,17,10.50863997,15,2,2.042537979,D
2542,17,13.83011092,21,3,1.487476937,F
2543,18,17.66699402,8,2,2.873972282,C
2544,15,9.914340202,10,1,2.015949465,D
2545,18,6.26501481,20,2,1.070296764,F
2546,18,15.07332276,14,4,2.605399264,C
2547,18,4.401325096,2,2,3.363389119,B
2548,17,7.77062296,15,3,2.125090595,D
2549,15,17.31454474,29,4,1.05066898,F
2550,18,14.48844681,20,3,1.580050524,F
2551,15,8.076220105,20,3,1.397062952,F
2552,15,4.294890048,20,3,1.165787162,F
2553,17,7.119367817,27,4,0.962072486,F
2554,18,5.682082985,11,4,2.310235179,D
2555,18,3.521785759,22,4,0.935779341,F
2556,15,14.86665827,4,3,2.93800283,C
2557,16,5.041397737,6,2,2.767151338,C
2558,17,9.083349403,8,1,3.026983311,B
2559,17,7.717188937,20,2,1.536419479,F
2560,17,19.64154757,17,4,2.495379497,D
2561,17,7.821844883,20,3,1.61557166,F
2562,18,1.599649656,7,2,2.210371328,D
2563,18,1.796515051,11,2,1.798015444,F
2564,16,11.81507443,19,2,1.566288518,F
2565,17,11.98727103,1,2,2.921386757,C
2566,17,8.37517981,9,3,2.519724823,C
2567,15,8.636873846,18,2,1.489207319,F
2568,18,1.078651657,8,1,1.663637124,F
2569,17,10.33093021,24,2,0.773784206,F
2570,16,10.09478951,23,1,0.891624046,F
2571,16,2.990986371,7,4,2.215087049,D
2572,18,2.076787722,23,2,0.651515021,F
2573,16,2.471449812,23,4,0.974017417,F
2574,16,2.02056493,23,1,0.341393542,F
2575,18,12.19416391,0,1,2.773483879,C
2576,17,3.929653048,5,3,2.497877304,D
2577,17,5.028603044,11,3,2.076443746,D
2578,16,3.471442883,24,2,0.773427636,F
2579,16,19.15670609,23,1,0.988153077,F
2580,17,17.09234926,18,0,1.37757284,F
2581,18,4.609896747,26,3,0.47659774,F
2582,16,6.551325878,16,1,1.836242137,F
2583,15,4.197856846,1,2,2.924032115,C
2584,18,9.837519189,10,3,2.288768203,D
2585,16,0.392210649,17,0,0.822107889,F
2586,16,13.42736018,22,1,1.467549103,F
2587,15,10.463163,27,0,0.654489821,F
2588,15,17.97277857,21,4,1.826265078,F
2589,17,3.287853687,10,2,2.167614892,D
2590,18,16.08218492,17,4,1.812581086,F
2591,18,15.83922029,7,1,3.010135528,B
2592,17,2.543623784,14,3,2.136653209,D
2593,18,7.971184483,8,1,2.296814521,D
2594,18,3.403052823,14,2,1.499666675,F
2595,18,5.094410009,6,3,2.527606694,C
2596,18,5.264923497,19,3,1.378777262,F
2597,18,11.12472788,12,3,2.461977068,D
2598,15,8.228218635,12,3,2.142708088,D
2599,18,18.95465608,0,1,3.478519715,B
2600,15,2.527402839,19,2,1.135969891,F
2601,18,19.4738427,3,2,3.315632433,B
2602,17,4.612772804,23,3,0.94529904,F
2603,16,15.45747873,3,1,3.36009771,B
2604,15,6.779398523,3,4,3.583447605,A
2605,18,2.861627908,12,2,2.268905392,D
2606,17,17.1577837,1,3,3.394649867,B
2607,16,6.177217985,27,1,0.423991948,F
2608,15,13.17710808,25,2,0.835989766,F
2609,16,11.3288737,22,3,1.286083735,F
2610,17,9.435126188,14,2,2.131780854,D
2611,15,9.916389453,3,4,3.30866402,B
2612,16,14.64475828,26,3,0.958776298,F
2613,18,1.755458282,5,2,2.539771016,C
2614,15,13.36361324,2,3,3.012897487,B
2615,16,17.91624203,6,3,3.167455277,B
2616,17,1.15576394,5,3,1.904515902,F
2617,17,2.813066785,2,1,3.033291954,B
2618,15,14.33263873,3,2,3.457711726,B
2619,16,8.745632965,9,3,2.450335443,D
2620,15,8.070972416,29,3,1.164702428,F
2621,15,2.739332691,20,2,0.827082916,F
2622,16,10.13540081,8,1,2.398314479,D
2623,16,2.530906224,29,2,0.0,F
2624,18,9.532409126,5,0,2.757797931,C
2625,16,15.27230598,28,3,0.347836976,F
2626,17,5.165287158,19,3,1.676727437,F
2627,15,9.615723364,26,2,0.574278,F
2628,15,19.84031939,10,3,3.10399438,B
2629,17,13.73300847,6,2,2.802073834,C
2630,16,16.82713543,17,3,2.127589297,D
2631,17,8.296952131,3,1,2.688349836,C
2632,17,15.35721846,4,2,2.78376521,C
2633,18,0.810183459,3,3,3.133768039,B
2634,17,2.458223651,3,1,2.618699895,C
2635,15,4.061411858,26,2,0.771677492,F
2636,17,8.039038492,12,2,2.274842047,D
2637,15,16.91489757,15,1,1.539619406,F
2638,15,6.925321016,24,1,1.128068364,F
2639,15,13.09242387,13,1,1.595627367,F
2640,16,14.1862859,10,4,3.138498873,B
2641,18,11.72364708,28,3,0.798886573,F
2642,15,7.144839363,1,2,2.972883441,C
2643,15,11.54106683,21,3,1.556218796,F
2644,16,6.845311856,13,0,1.852671741,F
2645,15,1.677474771,23,2,0.974968345,F
2646,17,19.85607956,23,1,1.391431871,F
2647,17,2.543649073,26,1,0.236497222,F
2648,18,1.446967677,6,3,2.629933234,C
2649,15,17.57061498,25,1,0.529603259,F
2650,16,6.036693218,10,3,2.319119147,D
2651,17,13.00593948,3,2,2.759021765,C
2652,16,6.580114593,6,0,2.096065652,D
2653,16,7.829085416,28,3,0.745518983,F
2654,17,5.24225944,15,2,1.794667106,F
2655,16,6.860880116,25,2,0.701263713,F
2656,17,8.214008012,5,1,2.457901407,D
2657,16,14.40832138,26,0,0.42913728,F
2658,17,10.23072388,5,4,3.016897868,B
2659,15,18.87130434,1,2,3.618272712,A
2660,18,0.837607877,23,0,0.425813761,F
2661,17,10.06136645,7,3,2.735960967,C
2662,17,11.68449578,29,1,0.223430509,F
2663,18,18.40393972,26,1,1.011746757,F
2664,17,0.983170472,6,1,2.573440474,C
2665,17,11.4699917,26,2,0.200145527,F
2666,16,17.07259857,24,0,0.802647806,F
2667,18,4.838554562,23,2,0.539645751,F
2668,15,17.52584697,13,3,2.481595434,D
2669,17,0.380868185,8,1,1.633811562,F
2670,18,14.64909258,14,2,2.401469995,D
2671,16,18.66226442,24,2,1.265891445,F
2672,15,13.14395323,21,2,1.266286344,F
2673,18,8.78058488,17,4,1.62246463,F
2674,15,,11,2,1.858296307,F
2675,15,18.40227627,22,0,0.640439809,F
2676,15,9.405924454,18,2,1.39789719,F
2677,17,0.579934887,12,1,1.429180582,F
2678,17,13.79642143,6,3,2.934692102,C
2679,16,9.636745072,24,0,0.632826221,F
2680,16,2.486906349,9,1,2.565347318,C
2681,18,4.285436186,29,2,0.397989397,F
2682,16,1.289813609,9,1,2.064564303,D
2683,15,11.48587079,1,2,3.121119482,B
2684,15,12.44058959,13,1,1.920609663,F
2685,17,10.11484597,12,4,2.329909645,D
2686,15,16.34204266,21,1,1.272010108,F
2687,18,17.22017643,28,4,1.066424623,F
2688,15,12.31248793,5,2,2.905384066,C
2689,15,0.255129594,8,3,2.567031803,C
2690,18,13.90459311,12,1,1.694384385,F
2691,16,8.359984338,8,3,2.801388939,C
2692,16,11.31114966,12,2,1.813628891,F
2693,18,12.98161204,4,2,3.343278194,B
2694,17,7.004732287,13,3,2.184691612,D
2695,15,18.3419701,4,2,3.492211997,B
2696,18,2.679497335,8,2,1.813679554,F
2697,15,13.43023615,7,0,2.772549372,C
2698,17,0.087191599,6,1,2.440006097,D
2699,15,18.49302211,7,2,2.868464156,C
2700,18,2.250082665,21,0,0.516631514,F
2701,15,1.897684603,2,1,2.89147847,C
2702,16,6.660152661,22,1,0.710956982,F
2703,17,7.471325721,23,1,0.424432895,F
2704,17,4.286001446,14,2,2.248337588,D
2705,17,11.70243322,7,2,2.715490936,C
2706,18,8.858281961,0,4,4.0,A
2707,17,0.683511781,6,2,2.676389709,C
2708,16,6.393041245,18,4,1.854700442,F
2709,18,16.20865827,1,3,3.548520551,A
2710,16,13.7940307,13,4,1.952333649,F
2711,15,14.49741707,17,3,1.849643388,F
2712,15,13.96233848,29,3,0.875201088,F
2713,15,6.219460428,14,2,1.79355573,F
2714,15,1.993278442,13,1,1.855666912,F
2715,16,5.449343681,23,1,0.551139653,F
2716,18,16.635706,24,4,1.580398636,F
2717,18,19.60941596,18,4,1.874157778,F
2718,17,9.876940295,29,3,0.5152394,F
2719,16,0.194007098,18,3,1.331229486,F
2720,15,2.800896243,21,4,1.621772736,F
2721,16,6.441611506,26,2,0.384375396,F
2722,17,11.57170697,25,3,1.36356155,F
2723,17,1.501872916,16,2,1.479668777,F
2724,16,18.86714597,21,2,1.581203876,F
2725,16,7.301673466,27,0,0.0,F
2726,16,18.25168436,18,2,1.886578593,F
2727,18,15.61043606,26,3,0.863545352,F
2728,15,15.10874545,15,2,1.488705295,F
2729,16,12.1343916,19,3,1.472900493,F
2730,16,12.53567634,24,2,1.344085718,F
2731,16,12.7600647,18,1,1.364736911,F
2732,17,12.57442774,0,3,3.830205375,A
2733,17,11.07456463,18,3,1.597365745,F
2734,18,19.72828037,6,1,3.320316974,B
2735,15,14.64581135,28,2,0.648705395,F
2736,18,15.53892777,22,2,1.01826465,F
2737,15,17.4492563,10,4,2.4407699,D
2738,17,4.312795255,4,3,3.152519371,B
2739,17,1.676083182,29,1,0.217042011,F
2740,17,9.657888732,16,2,1.811622381,F
2741,18,10.28161391,10,3,2.777966932,C
2742,16,16.5836356,23,3,1.223828265,F
2743,16,8.875671586,25,3,1.101939932,F
2744,17,11.41706051,7,1,2.06017205,D
2745,16,10.54141877,9,3,2.524422658,C
2746,16,0.764055675,11,3,1.966514042,F
2747,18,12.30429793,9,3,2.841519002,C
2748,15,16.56086572,12,2,2.200020267,D
2749,17,3.150010962,25,3,0.925269361,F
2750,17,11.88663468,17,3,1.842584135,F
2751,18,11.87221089,9,3,2.669640829,C
2752,18,3.283699281,18,2,1.32766643,F
2753,16,2.469271475,19,1,0.754750671,F
2754,17,19.60103886,16,2,1.845656784,F
2755,15,,19,2,1.537989779,F
2756,18,4.548434574,15,2,1.580926627,F
2757,15,3.426490889,4,2,2.883799715,C
2758,15,13.35203427,2,2,3.054990811,B
2759,17,12.18890595,29,3,0.328085704,F
2760,17,12.87104246,26,1,0.611569306,F
2761,18,1.76012055,14,2,1.567412438,F
2762,17,17.87069167,25,3,1.219747245,F
2763,17,7.785327936,1,2,3.021398881,B
2764,17,6.267388129,12,2,2.262147696,D
2765,15,9.247228945,21,2,1.455085453,F
2766,18,7.801321315,7,2,2.448840531,D
2767,16,17.27154006,22,1,1.280041579,F
2768,15,18.5852195,26,2,1.043380128,F
2769,17,6.069064329,29,4,1.03518153,F
2770,15,17.27871615,16,2,1.573051021,F
2771,17,15.63046259,3,0,2.898151346,C
2772,17,18.61615345,18,3,1.820920109,F
2773,15,4.915006244,21,2,0.728794517,F
2774,18,11.539183,24,1,0.902357255,F
2775,17,5.490891695,8,3,2.421061773,D
2776,18,16.48188981,22,1,1.221299421,F
2777,16,0.106483811,14,4,1.996107386,F
2778,17,11.29638326,27,2,0.622706295,F
2779,18,6.784068625,8,3,2.902602513,C
2780,18,6.453674142,23,2,1.348607002,F
2781,16,12.89812648,20,1,1.351141052,F
2782,18,17.02968899,8,3,2.745554083,C
2783,18,12.18390783,13,4,2.993214464,C
2784,16,17.06345957,22,3,1.589269707,F
2785,17,5.291942238,20,3,1.653099762,F
2786,18,10.3900371,15,4,2.136285525,D
2787,18,9.010730781,23,1,0.737048752,F
2788,18,0.23289799,22,0,0.352751959,F
2789,15,11.13624286,24,0,0.690156791,F
2790,16,13.23048648,25,3,0.94304592,F
2791,15,11.83828809,16,3,1.881978741,F
2792,16,14.72559798,12,3,2.474039537,D
2793,17,11.42679057,8,4,2.507742674,C
2794,17,1.335005097,14,3,1.563591912,F
2795,18,2.328910482,6,2,2.455643755,D
2796,16,11.92949155,0,1,2.736604875,C
2797,17,5.499583839,0,4,3.26201999,B
2798,16,1.592902581,4,1,2.283870956,D
2799,17,8.592054869,23,2,1.154410009,F
2800,15,11.08645196,8,2,2.789099828,C
2801,17,6.574919767,11,1,1.538689251,F
2802,15,14.40867404,5,3,3.05607009,B
2803,17,12.87541216,27,1,0.740896702,F
2804,18,6.656367222,12,4,2.49968118,D
2805,15,15.09745058,25,2,0.89524998,F
2806,17,12.97390085,27,3,0.774284814,F
2807,18,12.74890757,7,3,3.014802534,B
2808,15,11.06855402,14,3,1.821442174,F
2809,18,0.227793362,5,4,2.543009095,C
2810,16,13.93014367,26,1,0.64545438,F
2811,16,7.520835822,5,0,2.631367841,C
2812,15,18.8521942,3,0,2.712420466,C
2813,17,16.35969542,10,3,2.672755461,C
2814,15,11.75388939,20,4,1.714811785,F
2815,18,5.043639636,29,2,0.210979179,F
2816,17,4.074347866,17,3,1.859071573,F
2817,16,6.807696754,2,0,2.672866707,C
2818,17,9.531358872,2,1,2.719201157,C
2819,16,5.921310201,29,3,0.736992886,F
2820,17,10.29858991,11,0,2.295213478,D
2821,17,3.30740851,26,2,0.840690941,F
2822,17,19.55425626,20,3,2.131628504,D
2823,18,2.158491099,29,3,0.992296574,F
2824,18,18.63888279,20,2,1.451872243,F
2825,15,18.27156023,5,3,2.860396826,C
2826,15,10.50720964,20,2,1.182565054,F
2827,16,14.49820544,27,0,0.130654238,F
2828,18,8.720965959,5,3,3.362716215,B
2829,16,12.60069155,7,1,2.251847104,D
2830,15,6.811518748,14,0,1.688476384,F
2831,16,6.023180396,17,2,1.815401718,F
2832,15,11.56459572,19,3,1.494869559,F
2833,18,9.962593484,28,1,0.0,F
2834,17,11.59072738,15,0,1.571786434,F
2835,18,5.733211626,5,1,2.234685549,D
2836,16,7.339156636,27,2,0.508656501,F
2837,16,1.677959213,20,2,0.70167991,F
2838,18,1.045527445,16,1,1.817789572,F
2839,18,5.069142593,8,3,2.337558462,D
2840,15,1.484937187,18,3,1.763324116,F
2841,16,2.075494173,17,3,1.580149839,F
2842,16,16.25856811,24,2,1.513660413,F
2843,18,0.77747394,22,2,0.546839868,F
2844,17,13.17885588,4,2,3.112170722,B
2845,16,5.451154976,27,2,0.30759406,F
2846,17,17.43091361,5,0,2.22851143,D
2847,18,9.699845692,11,3,2.506415414,C
2848,18,6.111529187,10,2,1.977538044,F
2849,15,10.35277871,15,1,2.340811013,D
2850,16,7.639160381,19,1,1.26112824,F
2851,17,11.28602129,16,1,1.783001896,F
2852,15,2.290657367,19,4,1.501240092,F
2853,16,19.93981006,8,1,2.239253985,D
2854,15,8.511117554,0,3,3.823801328,A
2855,18,6.964612794,25,2,0.895261805,F
2856,16,14.20419697,2,3,3.532640383,A
2857,15,7.27798813,20,2,1.022641734,F
2858,15,16.6654861,22,4,1.960538709,F
2859,17,9.085414487,8,1,2.745491801,C
2860,15,14.39116827,21,2,1.554112899,F
2861,16,2.149064329,18,1,0.706825346,F
2862,16,16.92238371,12,2,2.823600085,C
2863,17,14.71435974,22,2,1.293408827,F
2864,16,4.234335569,13,3,2.126276926,D
2865,18,2.905720195,19,2,1.112671201,F
2866,16,6.325846975,18,0,1.261587709,F
2867,16,19.52141172,29,3,1.078485135,F
2868,15,5.136631491,22,2,0.675458391,F
2869,15,9.122544179,26,1,0.68547287,F
2870,16,0.600404514,26,4,1.020926365,F
2871,17,7.944550591,6,4,3.427620858,B
2872,15,11.42640031,3,3,3.248572792,B
2873,17,19.06249225,11,3,2.278951505,D
2874,16,10.3347209,22,0,0.833079022,F
2875,16,16.38214652,26,4,0.857092794,F
2876,18,10.94255285,13,2,1.744497663,F
2877,15,0.815700269,1,1,2.806877505,C
2878,16,6.300165504,0,3,3.490543307,B
2879,18,11.51099016,27,1,0.693964852,F
2880,15,19.01187932,17,2,2.161558737,D
2881,16,17.1826072,19,1,1.893344472,F
2882,16,4.567112284,7,2,2.882958071,C
2883,15,4.4021966,2,2,3.270373861,B
2884,15,4.023459342,25,2,1.0270156,F
2885,15,18.44997793,5,0,2.489668902,D
2886,16,17.05332306,21,2,1.708798771,F
2887,16,15.49766865,12,2,2.324093257,D
2888,18,7.854702284,8,1,2.197491146,D
2889,17,10.08761409,8,4,2.5001133,C
2890,15,9.286634896,19,2,1.050005852,F
2891,16,5.067962151,8,3,2.438440919,D
2892,16,10.10056092,14,1,1.914601844,F
2893,15,0.609930957,12,2,1.62783713,F
2894,17,2.63620747,21,1,1.069524152,F
2895,15,17.73179192,15,2,2.369652313,D
2896,17,15.03359534,1,1,2.974740695,C
2897,16,8.457368181,25,2,0.357808892,F
2898,17,10.34300725,13,2,1.92255149,F
2899,18,7.399977719,26,1,0.330966908,F
2900,16,14.81559734,5,3,3.219685483,B
2901,18,15.68374358,1,4,3.951459951,A
2902,15,15.2657038,7,1,2.795210553,C
2903,15,14.4522345,3,3,3.561743268,A
2904,15,4.090086774,20,3,1.361088227,F
2905,17,6.759399585,23,2,0.738958982,F
2906,16,9.3969087,13,3,2.320772544,D
2907,15,6.615859829,10,4,2.837891418,C
2908,15,15.098804,23,2,0.827339491,F
2909,16,6.587070485,27,3,0.875883705,F
2910,15,2.764641736,13,3,1.467968316,F
2911,18,7.980809041,11,2,2.122102757,D
2912,16,19.59828866,15,2,2.481813409,D
2913,16,4.517628259,5,4,2.876083673,C
2914,16,12.24317318,19,3,1.662692199,F
2915,18,8.659460997,0,1,2.964058726,C
2916,16,1.420491353,11,1,2.032178463,D
2917,18,9.75753212,6,4,3.207819245,B
2918,16,14.04328657,7,0,2.553484846,C
2919,17,10.26439952,8,3,3.128858646,B
2920,15,17.44212127,1,1,4.0,A
2921,17,5.778740333,16,0,1.357062701,F
2922,15,1.724983426,19,0,0.684887998,F
2923,18,18.73131223,12,2,2.234696287,D
2924,17,7.563926991,4,0,1.953200561,F
2925,16,11.52811103,9,2,2.470924003,D
2926,15,15.84006252,11,3,2.512488759,C
2927,15,6.486273278,16,2,2.097251578,D
2928,17,14.32329076,20,3,1.345131463,F
2929,18,2.708376996,5,2,2.241727972,D
2930,17,5.825874944,2,2,2.637348955,C
2931,18,2.894212723,27,2,0.286110039,F
2932,18,16.22461117,14,2,2.084547707,D
2933,15,4.452984705,6,4,2.777885894,C
2934,17,14.34807111,29,3,0.484183196,F
2935,17,18.86596794,5,2,2.875735286,C
2936,18,,3,3,3.471337214,B
2937,17,10.80058385,18,2,1.318074459,F
2938,16,9.220671362,4,1,2.715908932,C
2939,16,6.517802868,2,2,3.474561845,B
2940,17,9.513100618,25,3,0.934942991,F
2941,17,12.05615065,24,2,0.51852243,F
2942,18,19.71983144,8,3,2.726094629,C
2943,16,18.75529119,5,2,3.09906465,B
2944,16,17.24305917,12,2,2.073545292,D
2945,15,17.78261071,26,4,1.983133992,F
2946,18,9.356983666,21,2,0.766273679,F
2947,15,13.14888654,27,3,0.636132934,F
2948,16,17.90133446,29,3,1.148033413,F
2949,18,7.8590153,19,4,1.75040468,F
2950,17,19.23524957,3,0,2.821108107,C
2951,18,8.315721241,1,1,3.240512074,B
2952,17,12.02165331,25,3,0.705861631,F
2953,17,14.19609427,3,2,2.912722178,C
2954,18,19.01184026,7,2,2.894723042,C
2955,17,4.892325481,12,1,1.777279849,F
2956,15,14.92261956,9,1,2.457187515,D
2957,16,10.41631172,17,2,1.939076537,F
2958,17,5.371142812,8,1,2.291686152,D
2959,15,15.5321368,29,1,0.584740729,F
2960,17,11.0444456,0,0,2.90546616,C
2961,16,13.21947641,12,1,1.738942134,F
2962,15,6.458021372,17,3,1.669807052,F
2963,16,9.625479037,14,3,1.648288922,F
2964,16,12.34708502,1,0,2.71039131,C
2965,15,8.098216285,10,1,1.956169126,F
2966,15,3.967450797,28,2,0.672936198,F
2967,15,19.23280985,13,2,2.607172929,C
2968,18,10.2293508,21,3,1.5660205,F
2969,15,14.67840741,14,3,2.197394592,D
2970,15,8.220943871,13,3,2.332971817,D
2971,15,7.102635281,15,2,1.773293697,F
2972,15,8.143285969,22,2,1.149649627,F
2973,17,8.183932876,28,3,0.840985451,F
2974,18,10.88360232,14,0,1.563574034,F
2975,16,10.8693974,18,0,0.870713478,F
2976,15,9.943076318,26,0,0.613165988,F
2977,17,2.695715698,8,2,2.572391709,C
2978,17,9.92150957,4,1,2.307596623,D
2979,17,3.382078008,4,1,2.318046521,D
2980,16,2.522715726,10,3,2.310557286,D
2981,15,18.65291435,27,4,1.585820037,F
2982,18,12.09900026,19,1,1.63061374,F
2983,18,13.18980116,24,2,1.5586322,F
2984,17,8.035873407,23,1,0.683505301,F
2985,16,18.17961784,27,4,0.970912379,F
2986,16,12.75860979,3,1,3.344626675,B
2987,16,15.38339739,19,3,1.885916652,F
2988,18,7.371249381,17,1,1.469964557,F
2989,17,19.20023762,24,3,1.436375445,F
2990,15,16.4092258,2,1,3.399542858,B
2991,18,17.07896926,3,1,3.563535791,A
2992,17,3.443885349,13,1,2.07443875,D
2993,17,5.419264157,6,1,2.504005287,C
2994,15,5.712531994,25,3,0.966948807,F
2995,15,5.418184465,7,3,2.691044205,C
2996,15,17.10816324,23,2,0.864785084,F
2997,16,0.637695904,15,4,1.993952453,F
2998,15,1.52199978,19,2,1.20017972,F
2999,17,5.478297413,14,4,2.195712898,D
3000,15,3.997459493,6,1,1.901266524,F
3001,17,4.637192278,25,4,0.839976524,F
3182,15,3.253044364,13,1,1.844056379,B
3183,17,17.08691966,25,2,1.305584514,C
3189,16,5.697053532,9,1,2.459804672,B
3193,16,15.82705447,28,1,0.818126103,C
3195,15,15.61570967,26,3,1.174609514,A
3199,16,1.511089875,3,3,2.732661197,A
3202,16,8.188958753,15,3,2.060792459,C
3206,15,6.013112811,22,3,1.028183689,B
3208,18,7.518767508,17,3,1.672034058,B
3210,15,17.53196238,24,2,0.859745288,B
3212,17,5.319481293,12,4,2.268850734,A
3214,17,10.9828803,10,2,2.370893097,B
3215,16,18.98224914,19,3,1.499701932,A
3216,16,19.97234638,18,2,1.87909846,B
3217,16,4.708144977,16,3,1.699348106,B
3220,17,0.162163938,29,2,0.0,B
3221,18,0.185050449,26,4,0.57640272,A
3222,17,9.211320151,19,4,1.992298847,B
3226,15,5.880067772,23,2,1.093387571,C
3227,17,11.19786203,28,2,0.763471998,C
3228,15,6.018381463,7,1,2.297355586,A
3229,15,3.342686297,18,3,1.651156129,A
3233,16,3.976570606,6,4,2.635693451,B
3236,18,13.41949419,20,2,1.325172784,B
3238,17,2.207884685,21,3,1.333974103,A
3240,15,1.417434013,9,4,2.407284043,B
3241,15,11.96364891,9,2,2.26616031,A
3242,17,5.288085959,19,3,1.760999679,A
3243,15,10.55248914,28,4,0.813017422,A
3248,17,8.033062515,25,2,1.325039017,C
3251,15,5.708105806,13,2,2.243593091,C
3252,17,16.88419172,18,2,1.557687965,B
3253,17,8.647927204,20,3,1.162574074,C
3255,18,16.45776137,16,0,1.599424076,B
3256,18,3.777403735,13,2,1.273818176,C
3258,16,5.812859386,20,1,1.008571903,B
3259,18,5.9498534,20,0,0.968725635,B
3263,16,0.018116705,16,4,1.947676936,B
3264,16,14.30473707,18,2,1.779756126,B
3265,16,3.423694877,27,3,0.557548887,C
3267,18,4.750322412,16,3,1.51476376,A
3270,18,0.891400814,24,1,0.621119928,B
3274,16,6.373945146,26,3,1.252348589,C
3275,18,8.970850987,24,1,1.169745803,B
3276,15,,15,0,2.284791447,A
3277,18,2.927461332,21,2,1.021019253,C
3278,16,3.778596275,4,3,2.897355004,A
3282,17,17.42543702,29,2,0.214570091,A
3283,18,13.26295659,15,3,2.024030376,B
3285,16,13.67399091,14,1,1.699825309,A
3286,18,0.393664308,14,2,2.095648191,B
3287,17,14.7128532,28,3,0.524213567,B
3289,15,16.26364295,19,3,2.137124411,C
3291,16,18.51577099,11,1,2.569614181,A
3292,18,18.18530087,9,3,2.702958618,A
3295,18,9.300706495,28,3,0.390755887,A
3297,15,17.67995554,8,0,2.275665113,C
3299,17,18.36386317,10,3,2.555975376,A
3300,18,16.30360464,24,1,1.027727966,A
3304,15,2.119118227,13,3,1.996513116,A
3310,17,12.47506769,21,1,0.954787542,A
3311,16,0.112626255,28,2,0.0,B
3312,18,3.72633553,8,4,2.316959974,A
3315,17,10.02701987,7,3,2.343331353,C
3316,15,0.867943572,10,2,2.240450838,A
3326,15,14.72034737,13,3,2.378048945,B
3331,18,1.770446304,20,1,1.556106071,C
3333,16,5.764239369,15,3,2.179357069,A
3334,15,3.20618079,10,1,2.220050547,C
3335,15,10.89062586,9,2,2.226513595,C
3336,18,10.64620527,14,2,1.565647848,B
3337,17,1.517432824,6,1,2.078777899,A
3338,16,13.96430907,22,4,1.562411262,A
3340,15,3.780345655,11,1,2.073033167,C
3341,16,9.388697243,18,1,1.288937696,C
3342,17,14.40645833,11,4,2.547449606,A
3343,15,10.58871481,15,3,2.037768575,C
3344,15,7.909781524,5,3,2.915898133,A
3347,17,18.78217397,19,2,1.823323103,B
3350,18,9.21369947,25,1,0.932669739,C
3356,17,18.66826641,21,2,1.52101349,B
3361,18,12.68486182,20,2,1.347633493,C
3362,16,15.48954839,7,0,2.462943118,A
3363,17,0.675783019,19,0,1.041028901,C
3365,18,3.734659882,1,0,2.735041611,A
3367,16,6.959373323,17,0,0.984294295,C
3368,15,9.381206804,18,3,1.454722898,B
3373,18,9.404981707,15,3,1.849103876,B
3374,18,19.0889539,25,2,0.825019641,B
3375,16,2.313504473,5,3,2.913898459,A
3376,18,18.92528986,24,1,1.164539166,A
3377,17,14.66723029,3,0,2.928219391,B
3380,18,16.53455297,12,3,2.50949123,B
3381,16,2.138397288,8,1,1.979379414,B
3382,15,10.09508647,5,3,2.956254524,A
3386,16,1.44543418,20,3,1.395630675,B
3388,18,10.68055461,2,4,3.455509411,A
3390,16,6.805499645,20,2,1.14233288,C
3391,16,12.41665266,17,2,1.803296763,B
3392,16,17.81990749,13,2,2.140013878,B
